Dataset,N,Method,Seed,Macro-F1,Weighted-F1,Accuracy,Balanced_Acc,G-Mean,AUC,Train_Time_Sec,Inference_Time_Sec,Peak_Memory_MB,Params_M,F1_Class_0,F1_Class_1,F1_Class_2,F1_Class_3,F1_Class_4,F1_Class_5
SMP2020,1000,LoRA-Vanilla,123,0.6134937514592687,0.6134937514592688,0.65,0.65,0.5628089398346331,0.9232533333333334,224.7317132949829,1.2233223915100098,1965.36767578125,0.88935,0.6476190476190475,0.5057471264367815,0.7272727272727273,0.7360000000000001,0.7884615384615384,0.2758620689655173
SMP2020,1000,LoRA-Vanilla,789,0.6415567644421194,0.6415567644421194,0.67,0.67,0.6034370664807969,0.9152400000000002,215.24044609069824,1.229367733001709,1963.36767578125,0.88935,0.6972477064220184,0.6000000000000001,0.7826086956521738,0.735042735042735,0.7169811320754718,0.31746031746031744
SMP2020,1000,LoRA-Vanilla,2024,0.6106242873768001,0.6106242873768001,0.6466666666666666,0.6466666666666667,0.55593124961519,0.8962,214.61089730262756,1.2127749919891357,1963.36767578125,0.88935,0.6336633663366336,0.5591397849462365,0.7563025210084033,0.7154471544715447,0.761904761904762,0.23728813559322035
SMP2020,1000,LoRA-Vanilla,1001,0.6291902568561883,0.6291902568561883,0.6566666666666666,0.6566666666666666,0.5949750705806581,0.9163333333333333,219.521235704422,1.2286186218261719,1963.36767578125,0.88935,0.6601941747572816,0.5454545454545454,0.7563025210084033,0.7096774193548386,0.7428571428571428,0.36065573770491804
SMP2020,1000,LoRA-Vanilla,45,0.6531866281866282,0.6531866281866282,0.6766666666666666,0.6766666666666666,0.621776346824326,0.9156666666666666,219.06676959991455,1.2284653186798096,1963.36767578125,0.88935,0.6785714285714285,0.5476190476190477,0.6984126984126985,0.7818181818181817,0.8000000000000002,0.41269841269841273
SMP2020,1000,LoRA-Balanced,123,0.6988615102000502,0.6988615102000502,0.7066666666666667,0.7066666666666667,0.6839026960677873,0.9235733333333332,125.63412928581238,1.2518393993377686,1963.3681640625,0.88935,0.6846846846846847,0.5591397849462365,0.7663551401869159,0.8387096774193548,0.8141592920353983,0.5301204819277109
SMP2020,1000,LoRA-Balanced,789,0.721627179129769,0.721627179129769,0.7233333333333334,0.7233333333333333,0.7140586810945301,0.9185600000000002,143.624938249588,1.2267403602600098,1963.3681640625,0.88935,0.6666666666666666,0.6666666666666666,0.8148148148148148,0.8510638297872342,0.7238095238095238,0.6067415730337079
SMP2020,1000,LoRA-Balanced,2024,0.7089252050472048,0.7089252050472048,0.7133333333333334,0.7133333333333333,0.7013107898328726,0.9200133333333333,153.14631938934326,1.2253010272979736,1963.3681640625,0.88935,0.686868686868687,0.5957446808510639,0.7567567567567568,0.836734693877551,0.7567567567567568,0.6206896551724138
SMP2020,1000,LoRA-Balanced,1001,0.7193360221588576,0.7193360221588576,0.72,0.7200000000000001,0.7111591973753741,0.9312,137.97764706611633,1.2405521869659424,1963.3681640625,0.88935,0.6595744680851063,0.5454545454545455,0.7747747747747747,0.8510638297872342,0.7722772277227723,0.712871287128713
SMP2020,1000,LoRA-Balanced,45,0.7109018367591079,0.7109018367591079,0.71,0.71,0.7017392563978122,0.9240533333333333,157.20438241958618,1.2188267707824707,1963.3681640625,0.88935,0.6415094339622641,0.6000000000000001,0.7884615384615384,0.8387096774193548,0.792079207920792,0.6046511627906976
SMP2020,1000,LoRA-Ablation-NoMem,123,0.6857848014831162,0.685784801483116,0.6966666666666667,0.6966666666666668,0.6646849945213101,0.9096133333333333,127.73911643028259,1.2427639961242676,2051.185546875,6.209294,0.6440677966101696,0.5,0.7522935779816514,0.8478260869565217,0.8135593220338982,0.5569620253164557
SMP2020,1000,LoRA-Ablation-NoMem,789,0.7206889516945991,0.7206889516945991,0.72,0.7199999999999999,0.7141782196366409,0.9162,143.38104271888733,1.2451839447021484,2051.5419921875,6.209294,0.6796116504854369,0.6666666666666666,0.7678571428571428,0.8723404255319149,0.7191011235955057,0.6185567010309279
SMP2020,1000,LoRA-Ablation-NoMem,2024,0.7169467487635589,0.716946748763559,0.72,0.7200000000000001,0.7099527587526133,0.9127466666666665,186.56963300704956,1.2413055896759033,2050.412109375,6.209294,0.6862745098039216,0.5979381443298969,0.7927927927927928,0.8333333333333333,0.7476635514018691,0.6436781609195402
SMP2020,1000,LoRA-Ablation-NoMem,1001,0.7171397201509847,0.7171397201509846,0.72,0.7199999999999999,0.705570354425146,0.9099733333333333,163.99044919013977,1.2485361099243164,2049.4345703125,6.209294,0.6355140186915889,0.5434782608695652,0.7894736842105263,0.8602150537634408,0.8000000000000002,0.6741573033707865
SMP2020,1000,LoRA-Ablation-NoMem,45,0.7073535376623615,0.7073535376623614,0.7066666666666667,0.7066666666666667,0.6973349152881025,0.9153466666666664,142.43598628044128,1.255448579788208,2049.810546875,6.209294,0.6138613861386139,0.5981308411214953,0.7962962962962963,0.8510638297872342,0.8041237113402062,0.5806451612903226
SMP2020,1000,LoRA-Ablation-NoHSP,123,0.7088663334960743,0.7088663334960741,0.7166666666666667,0.7166666666666668,0.6951490390575747,0.92388,143.37843322753906,1.518174409866333,1979.46875,1.578374,0.7027027027027027,0.5555555555555556,0.7706422018348624,0.8387096774193548,0.8141592920353983,0.5714285714285713
SMP2020,1000,LoRA-Ablation-NoHSP,789,0.7221058256446012,0.7221058256446012,0.7233333333333334,0.7233333333333333,0.7139851880209239,0.9157866666666666,167.38092184066772,1.5267210006713867,1979.46875,1.578374,0.6788990825688074,0.6222222222222222,0.7894736842105263,0.8695652173913043,0.7474747474747474,0.6250000000000001
SMP2020,1000,LoRA-Ablation-NoHSP,2024,0.6907429629783773,0.6907429629783773,0.6933333333333334,0.6933333333333332,0.6767865121542762,0.9115733333333332,150.38825821876526,1.5177335739135742,1979.46875,1.578374,0.6796116504854369,0.5614035087719298,0.7450980392156863,0.8421052631578948,0.7777777777777777,0.5384615384615385
SMP2020,1000,LoRA-Ablation-NoHSP,1001,0.7102586179134862,0.7102586179134861,0.71,0.71,0.7014504579761238,0.9278400000000001,157.71100640296936,1.5261638164520264,1979.46875,1.578374,0.6526315789473685,0.5346534653465347,0.7678571428571428,0.8478260869565217,0.7647058823529411,0.6938775510204083
SMP2020,1000,LoRA-Ablation-NoHSP,45,0.7288813890640512,0.7288813890640514,0.73,0.7300000000000001,0.7190761112043762,0.9305333333333333,166.78061485290527,1.54557466506958,1977.84375,1.578374,0.689655172413793,0.5894736842105264,0.7924528301886793,0.8631578947368421,0.816326530612245,0.6222222222222222
SMP2020,1000,LoRA-Ours,123,0.6983854854590077,0.6983854854590078,0.7033333333333334,0.7033333333333335,0.6877811060276394,0.9233733333333335,147.43122148513794,1.5403242111206055,2063.0859375,6.898318,0.6000000000000001,0.5979381443298969,0.7321428571428572,0.8510638297872342,0.8070175438596492,0.6021505376344087
SMP2020,1000,LoRA-Ours,789,0.7344363115069196,0.7344363115069196,0.7366666666666667,0.7366666666666667,0.7283364109911686,0.9196533333333332,180.32311582565308,1.5286822319030762,2064.1923828125,6.898318,0.7,0.6862745098039216,0.7962962962962963,0.8510638297872342,0.7522935779816514,0.6206896551724138
SMP2020,1000,LoRA-Ours,2024,0.7027354781964151,0.7027354781964152,0.71,0.71,0.6913876029463438,0.9028133333333334,262.0425329208374,1.5488841533660889,2065.505859375,6.898318,0.6857142857142857,0.5617977528089888,0.7747747747747747,0.8399999999999999,0.736842105263158,0.6172839506172839
SMP2020,1000,LoRA-Ours,1001,0.7104448409101883,0.7104448409101883,0.71,0.7100000000000001,0.6999218885276665,0.9190666666666667,163.75718140602112,1.538029432296753,2067.392578125,6.898318,0.6262626262626263,0.52,0.8148148148148148,0.8602150537634408,0.7551020408163266,0.6862745098039216
SMP2020,1000,LoRA-Ours,45,0.7205470693732824,0.7205470693732823,0.7233333333333334,0.7233333333333333,0.7156959816521206,0.9188933333333332,244.73038387298584,1.5199863910675049,2067.58203125,6.898318,0.6521739130434783,0.64,0.7766990291262137,0.8235294117647058,0.7850467289719626,0.6458333333333334
SMP2020,1000,DoRA-Balanced,123,0.6988615102000502,0.6988615102000502,0.7066666666666667,0.7066666666666667,0.6839026960677873,0.9235866666666667,164.70996928215027,1.5463612079620361,2440.34765625,0.916998,0.6846846846846847,0.5591397849462365,0.7663551401869159,0.8387096774193548,0.8141592920353983,0.5301204819277109
SMP2020,1000,DoRA-Balanced,789,0.721627179129769,0.721627179129769,0.7233333333333334,0.7233333333333333,0.7140586810945301,0.9188666666666666,190.98487949371338,1.556122064590454,2440.34765625,0.916998,0.6666666666666666,0.6666666666666666,0.8148148148148148,0.8510638297872342,0.7238095238095238,0.6067415730337079
SMP2020,1000,DoRA-Balanced,2024,0.705632858897716,0.7056328588977159,0.71,0.71,0.698499792968068,0.9201066666666665,200.4589548110962,1.556152582168579,2440.34765625,0.916998,0.686868686868687,0.5957446808510639,0.7567567567567568,0.8282828282828283,0.7454545454545455,0.6206896551724138
SMP2020,1000,DoRA-Balanced,1001,0.7190988435790548,0.7190988435790548,0.72,0.7200000000000001,0.7111591973753741,0.9314266666666665,180.7043378353119,1.543043851852417,2440.34765625,0.916998,0.6595744680851063,0.5510204081632654,0.7747747747747747,0.8510638297872342,0.7722772277227723,0.7058823529411765
SMP2020,1000,DoRA-Balanced,45,0.7109018367591079,0.7109018367591079,0.71,0.71,0.7017392563978122,0.9240133333333332,207.7286286354065,1.5560169219970703,2440.34765625,0.916998,0.6415094339622641,0.6000000000000001,0.7884615384615384,0.8387096774193548,0.792079207920792,0.6046511627906976
SMP2020,1000,LoRA-Focal,123,0.7004732050252054,0.7004732050252055,0.71,0.71,0.6844469889122075,0.9214266666666666,188.650808095932,1.222975492477417,1971.36865234375,0.88935,0.7027027027027027,0.5652173913043478,0.7321428571428572,0.8421052631578948,0.793103448275862,0.5675675675675675
SMP2020,1000,LoRA-Focal,789,0.7195823245486809,0.719582324548681,0.72,0.7200000000000001,0.7128169397011331,0.9162266666666666,142.37873649597168,1.2049455642700195,1971.36865234375,0.88935,0.6808510638297872,0.6542056074766356,0.7962962962962963,0.8602150537634408,0.7037037037037037,0.6222222222222222
SMP2020,1000,LoRA-Focal,2024,0.6987512071553871,0.6987512071553871,0.6966666666666667,0.6966666666666667,0.6868109827027248,0.9196399999999999,142.92936253547668,1.195178747177124,1971.36865234375,0.88935,0.7047619047619048,0.5593220338983051,0.7216494845360825,0.8478260869565217,0.7663551401869159,0.5925925925925926
SMP2020,1000,LoRA-Focal,1001,0.7164345373760561,0.7164345373760561,0.7133333333333334,0.7133333333333334,0.705536356464108,0.9263466666666665,135.13631296157837,1.2089004516601562,1971.36865234375,0.88935,0.6067415730337079,0.5486725663716814,0.78,0.8695652173913043,0.7663551401869159,0.7272727272727272
SMP2020,1000,LoRA-Focal,45,0.6868982366925259,0.6868982366925258,0.69,0.6900000000000001,0.6745579130763963,0.9232266666666665,176.9072766304016,1.2072672843933105,1971.36865234375,0.88935,0.6548672566371682,0.5918367346938774,0.7663551401869159,0.8478260869565217,0.7428571428571428,0.5176470588235295
SMP2020,1000,LoRA-LDAM,123,0.5685834950667945,0.5685834950667945,0.61,0.61,0.5149278394092176,0.8981733333333333,217.02534174919128,1.2224109172821045,1971.36865234375,0.88935,0.6101694915254237,0.37333333333333335,0.7179487179487181,0.7049180327868853,0.7339449541284404,0.27118644067796616
SMP2020,1000,LoRA-LDAM,789,0.6352381063880593,0.6352381063880593,0.6566666666666666,0.6566666666666667,0.6041420169658291,0.9103066666666667,203.25555562973022,1.1909866333007812,1971.36865234375,0.88935,0.6554621848739495,0.5777777777777778,0.7889908256880733,0.7213114754098361,0.7096774193548386,0.3582089552238806
SMP2020,1000,LoRA-LDAM,2024,0.6293263707816373,0.6293263707816373,0.6566666666666666,0.6566666666666666,0.5946503407076248,0.9095733333333332,176.67791104316711,1.1980936527252197,1971.36865234375,0.88935,0.6545454545454547,0.5111111111111112,0.7304347826086957,0.7543859649122807,0.7706422018348624,0.3548387096774193
SMP2020,1000,LoRA-LDAM,1001,0.6077509480867553,0.6077509480867553,0.6333333333333333,0.6333333333333333,0.5761833632657158,0.9024666666666668,195.78750658035278,1.1912124156951904,1971.36865234375,0.88935,0.5794392523364487,0.425,0.7142857142857143,0.7567567567567568,0.7592592592592593,0.4117647058823529
SMP2020,1000,LoRA-LDAM,45,0.6508904312243843,0.6508904312243844,0.6733333333333333,0.6733333333333333,0.6219176373808306,0.9165866666666668,216.40836143493652,1.1964695453643799,1971.36865234375,0.88935,0.6727272727272727,0.5301204819277109,0.7258064516129032,0.7747747747747747,0.796116504854369,0.40579710144927544
SMP2020,1000,LoRA-LogitAdj,123,0.6927999065423002,0.6927999065423001,0.71,0.71,0.6668458115480952,0.9201733333333334,197.31288170814514,1.195957899093628,1971.36865234375,0.88935,0.6833333333333333,0.5057471264367815,0.780952380952381,0.8431372549019608,0.8571428571428571,0.48648648648648657
SMP2020,1000,LoRA-LogitAdj,789,0.707911918328585,0.707911918328585,0.7133333333333334,0.7133333333333333,0.7018070880967984,0.9153199999999999,169.70636415481567,1.197263240814209,1971.36865234375,0.88935,0.6875,0.6153846153846154,0.8,0.7884615384615384,0.7407407407407408,0.6153846153846154
SMP2020,1000,LoRA-LogitAdj,2024,0.6921678189031355,0.6921678189031355,0.7033333333333334,0.7033333333333333,0.6792088984764931,0.90684,183.36014413833618,1.2027640342712402,1971.36865234375,0.88935,0.6947368421052631,0.5777777777777778,0.7826086956521738,0.7777777777777777,0.7962962962962963,0.5238095238095238
SMP2020,1000,LoRA-LogitAdj,1001,0.7184486176320859,0.7184486176320858,0.7233333333333334,0.7233333333333333,0.7106705953988581,0.9211999999999999,216.14998865127563,1.1997430324554443,1971.36865234375,0.88935,0.6666666666666666,0.5531914893617023,0.7818181818181817,0.830188679245283,0.7766990291262137,0.702127659574468
SMP2020,1000,LoRA-LogitAdj,45,0.7180778812909611,0.7180778812909611,0.7266666666666667,0.7266666666666666,0.7064594076942797,0.9189066666666665,148.7342278957367,1.1954729557037354,1971.36865234375,0.88935,0.6796116504854369,0.5411764705882354,0.7964601769911505,0.8431372549019608,0.7889908256880733,0.6590909090909091
SMP2020,1000,Full-FineTuning,123,0.6999635253412433,0.6999635253412433,0.7066666666666667,0.7066666666666667,0.6846829645116428,0.9034000000000001,264.993057012558,1.1474077701568604,3439.0234375,102.272262,0.7027027027027027,0.5057471264367815,0.689655172413793,0.822429906542056,0.803921568627451,0.6753246753246753
SMP2020,1000,Full-FineTuning,789,0.6722056752310149,0.6722056752310148,0.68,0.68,0.6606041588770969,0.9151333333333334,188.96839904785156,1.123084306716919,3445.830078125,102.272262,0.6666666666666666,0.5567010309278351,0.7321428571428572,0.7850467289719626,0.7676767676767676,0.525
SMP2020,1000,Full-FineTuning,2024,0.7099942382227047,0.7099942382227048,0.72,0.7200000000000001,0.6977313927290905,0.9068266666666668,225.44230461120605,1.1242127418518066,3447.7109375,102.272262,0.7238095238095238,0.5652173913043478,0.8037383177570094,0.7964601769911505,0.7884615384615384,0.5822784810126583
SMP2020,1000,Full-FineTuning,1001,0.6784721593855622,0.6784721593855619,0.6866666666666666,0.6866666666666666,0.6656364154314782,0.9120399999999999,187.67296242713928,1.1376383304595947,3449.005859375,102.272262,0.6923076923076923,0.5116279069767442,0.7142857142857142,0.8125,0.7719298245614036,0.5681818181818182
SMP2020,1000,Full-FineTuning,45,0.6875233317971641,0.6875233317971641,0.6966666666666667,0.6966666666666667,0.6715857447038384,0.9209333333333333,208.73739886283875,1.1353607177734375,3449.2724609375,102.272262,0.712871287128713,0.4883720930232558,0.728813559322034,0.8484848484848485,0.736842105263158,0.6097560975609756
SMP2020,2000,LoRA-Vanilla,123,0.6644699622044182,0.6644699622044182,0.6866666666666666,0.6866666666666666,0.6334397382216566,0.9319999999999999,179.07849168777466,1.1956660747528076,1973.91162109375,0.88935,0.6792452830188679,0.5227272727272727,0.7758620689655172,0.7200000000000001,0.8514851485148515,0.43750000000000006
SMP2020,2000,LoRA-Vanilla,789,0.6955687448735576,0.6955687448735575,0.7,0.7000000000000001,0.6872092498271678,0.9206133333333333,278.74750781059265,1.222341537475586,1973.91162109375,0.88935,0.6851851851851852,0.6341463414634146,0.7207207207207207,0.7394957983193275,0.7659574468085107,0.627906976744186
SMP2020,2000,LoRA-Vanilla,2024,0.6724096758014078,0.6724096758014078,0.6866666666666666,0.6866666666666666,0.6501234078549146,0.9200666666666667,183.09446167945862,1.2321782112121582,1973.91162109375,0.88935,0.6542056074766356,0.5714285714285714,0.7586206896551725,0.7692307692307693,0.8172043010752689,0.463768115942029
SMP2020,2000,LoRA-Vanilla,1001,0.6405567785970171,0.640556778597017,0.67,0.6699999999999999,0.600057145239432,0.9274399999999999,144.4852373600006,1.194756031036377,1973.91162109375,0.88935,0.628099173553719,0.43589743589743596,0.7704918032786886,0.8461538461538461,0.75,0.41269841269841273
SMP2020,2000,LoRA-Vanilla,45,0.6840173986293866,0.6840173986293866,0.7,0.7000000000000001,0.6605778852705653,0.9277333333333334,153.71096420288086,1.1966989040374756,1973.91162109375,0.88935,0.6909090909090909,0.4675324675324675,0.7731092436974789,0.7540983606557377,0.8210526315789474,0.5974025974025975
SMP2020,2000,LoRA-Balanced,123,0.7389546005416486,0.7389546005416487,0.74,0.7399999999999999,0.7308246230008089,0.9419466666666666,145.41171550750732,1.1994121074676514,1973.912109375,0.88935,0.7289719626168225,0.6363636363636365,0.8113207547169812,0.8421052631578948,0.7959183673469388,0.6190476190476191
SMP2020,2000,LoRA-Balanced,789,0.7354678077526238,0.7354678077526238,0.7366666666666667,0.7366666666666665,0.7314801926215585,0.9330533333333334,143.07729482650757,1.198411464691162,1973.912109375,0.88935,0.673469387755102,0.6923076923076923,0.7850467289719626,0.8453608247422681,0.7572815533980584,0.6593406593406594
SMP2020,2000,LoRA-Balanced,2024,0.7148073098427709,0.7148073098427709,0.7133333333333334,0.7133333333333334,0.7094129824238993,0.9203333333333333,107.95659804344177,1.2168338298797607,1973.912109375,0.88935,0.702127659574468,0.5925925925925927,0.7428571428571428,0.8297872340425532,0.761904761904762,0.6595744680851063
SMP2020,2000,LoRA-Balanced,1001,0.719716898187624,0.7197168981876241,0.7233333333333334,0.7233333333333333,0.7125910695791506,0.9424800000000001,158.0972843170166,1.2063415050506592,1973.912109375,0.88935,0.7256637168141592,0.5934065934065934,0.7962962962962963,0.8125,0.76,0.6304347826086957
SMP2020,2000,LoRA-Balanced,45,0.7431379738467191,0.743137973846719,0.7433333333333333,0.7433333333333333,0.7366796859953475,0.9355599999999998,117.33987212181091,1.203390121459961,1973.912109375,0.88935,0.7010309278350516,0.6019417475728155,0.8113207547169812,0.8631578947368421,0.8076923076923077,0.6736842105263158
SMP2020,2000,LoRA-Ablation-NoMem,123,0.7268826215724458,0.7268826215724459,0.73,0.73,0.7145629249468666,0.9291866666666667,176.8059937953949,1.2311532497406006,2038.04833984375,6.209294,0.6607142857142857,0.6021505376344087,0.7719298245614036,0.8666666666666667,0.8256880733944953,0.6341463414634146
SMP2020,2000,LoRA-Ablation-NoMem,789,0.7395216041674475,0.7395216041674475,0.74,0.7400000000000001,0.7341112751321353,0.93392,155.78710341453552,1.266983985900879,2037.04833984375,6.209294,0.6451612903225806,0.6476190476190475,0.7962962962962963,0.8510638297872342,0.7735849056603773,0.7234042553191491
SMP2020,2000,LoRA-Ablation-NoMem,2024,0.7026783653157401,0.7026783653157401,0.7066666666666667,0.7066666666666667,0.6931979724473973,0.9322799999999999,172.4205334186554,1.2593178749084473,2037.04833984375,6.209294,0.6782608695652174,0.5833333333333334,0.7706422018348624,0.8235294117647058,0.7578947368421052,0.6024096385542169
SMP2020,2000,LoRA-Ablation-NoMem,1001,0.7208191510504515,0.7208191510504514,0.72,0.7200000000000001,0.7116988108182218,0.93644,150.5291130542755,1.241525411605835,2037.04833984375,6.209294,0.6117647058823529,0.6111111111111112,0.792079207920792,0.8131868131868132,0.7959183673469388,0.7008547008547008
SMP2020,2000,LoRA-Ablation-NoMem,45,0.7478239981087894,0.7478239981087895,0.75,0.75,0.741201954111594,0.9292933333333334,192.73858046531677,1.2533857822418213,2037.04833984375,6.209294,0.68,0.6382978723404256,0.8148148148148148,0.888888888888889,0.8118811881188118,0.6530612244897959
SMP2020,2000,LoRA-Ablation-NoHSP,123,0.7142397506558472,0.7142397506558472,0.7166666666666667,0.7166666666666668,0.7028096334905175,0.9342533333333335,128.2799162864685,1.53597092628479,1986.14892578125,1.578374,0.7079646017699115,0.5981308411214953,0.7766990291262137,0.8297872340425532,0.8118811881188118,0.5609756097560976
SMP2020,2000,LoRA-Ablation-NoHSP,789,0.7305851888551991,0.730585188855199,0.7333333333333333,0.7333333333333334,0.7209161479362731,0.9353466666666668,160.97114276885986,1.5380635261535645,1986.14892578125,1.578374,0.6530612244897959,0.6153846153846153,0.7962962962962963,0.8723404255319149,0.8035714285714286,0.6428571428571429
SMP2020,2000,LoRA-Ablation-NoHSP,2024,0.6935615743796784,0.6935615743796784,0.6933333333333334,0.6933333333333334,0.6866965809307106,0.9224,122.97163844108582,1.5474674701690674,1986.14892578125,1.578374,0.6818181818181819,0.5825242718446602,0.7254901960784313,0.8333333333333333,0.7321428571428572,0.6060606060606062
SMP2020,2000,LoRA-Ablation-NoHSP,1001,0.724886282102777,0.7248862821027771,0.7266666666666667,0.7266666666666667,0.7184876841160266,0.93932,165.0758662223816,1.5494682788848877,1986.14892578125,1.578374,0.6666666666666666,0.5777777777777778,0.8076923076923077,0.8247422680412372,0.7676767676767676,0.7047619047619048
SMP2020,2000,LoRA-Ablation-NoHSP,45,0.7395505069947336,0.7395505069947336,0.7433333333333333,0.7433333333333333,0.7340795366939894,0.9364266666666666,194.29989337921143,1.5114390850067139,1986.14892578125,1.578374,0.6739130434782609,0.6595744680851063,0.7962962962962963,0.8113207547169812,0.8431372549019608,0.6530612244897959
SMP2020,2000,LoRA-Ours,123,0.7305574693720608,0.7305574693720608,0.7333333333333333,0.7333333333333334,0.7212670276974524,0.9308933333333332,176.01274394989014,1.5566632747650146,2052.4931640625,6.898318,0.6526315789473685,0.58,0.8148148148148148,0.8478260869565217,0.8141592920353983,0.6739130434782609
SMP2020,2000,LoRA-Ours,789,0.7364353048265798,0.73643530482658,0.7366666666666667,0.7366666666666667,0.7332315936389002,0.9309066666666667,173.26065945625305,1.5385730266571045,2048.4931640625,6.898318,0.6666666666666666,0.6666666666666666,0.7777777777777777,0.836734693877551,0.7578947368421052,0.712871287128713
SMP2020,2000,LoRA-Ours,2024,0.7210349304679492,0.7210349304679492,0.7233333333333334,0.7233333333333333,0.7136632102930265,0.9351599999999999,198.3018262386322,1.5568065643310547,2048.4931640625,6.898318,0.6949152542372881,0.631578947368421,0.761904761904762,0.8316831683168315,0.7708333333333333,0.6352941176470589
SMP2020,2000,LoRA-Ours,1001,0.7345558312410114,0.7345558312410113,0.7366666666666667,0.7366666666666667,0.7269587366302077,0.9384666666666668,241.16003012657166,1.5550658702850342,2048.4931640625,6.898318,0.6857142857142857,0.6138613861386139,0.8035714285714286,0.8247422680412372,0.8282828282828283,0.6511627906976745
SMP2020,2000,LoRA-Ours,45,0.752776249362268,0.7527762493622678,0.7533333333333333,0.7533333333333333,0.7473917637171024,0.9397733333333332,182.12437987327576,1.5518827438354492,2048.4931640625,6.898318,0.6732673267326733,0.6597938144329897,0.7850467289719626,0.8749999999999999,0.8431372549019608,0.6804123711340208
SMP2020,2000,DoRA-Balanced,123,0.7389546005416486,0.7389546005416487,0.74,0.7399999999999999,0.7308246230008089,0.9420266666666667,192.61761713027954,1.6044201850891113,2444.6611328125,0.916998,0.7289719626168225,0.6363636363636365,0.8113207547169812,0.8421052631578948,0.7959183673469388,0.6190476190476191
SMP2020,2000,DoRA-Balanced,789,0.7354678077526238,0.7354678077526238,0.7366666666666667,0.7366666666666665,0.7314801926215585,0.9334000000000001,183.78017568588257,1.5928704738616943,2444.6611328125,0.916998,0.673469387755102,0.6923076923076923,0.7850467289719626,0.8453608247422681,0.7572815533980584,0.6593406593406594
SMP2020,2000,DoRA-Balanced,2024,0.7134727694462207,0.7134727694462206,0.7166666666666667,0.7166666666666667,0.7038002164116631,0.9255999999999999,236.45308375358582,1.586996078491211,2444.6611328125,0.916998,0.686868686868687,0.6111111111111112,0.7610619469026547,0.8333333333333333,0.7884615384615384,0.6
SMP2020,2000,DoRA-Balanced,1001,0.71718357854897,0.7171835785489699,0.7166666666666667,0.7166666666666668,0.7130606304685381,0.9456933333333334,193.53177118301392,1.582878828048706,2444.6611328125,0.916998,0.6391752577319586,0.616822429906542,0.7959183673469388,0.7692307692307692,0.7722772277227723,0.7096774193548386
SMP2020,2000,DoRA-Balanced,45,0.7431379738467191,0.743137973846719,0.7433333333333333,0.7433333333333333,0.7366796859953475,0.9359600000000001,152.4003026485443,1.5740618705749512,2444.6611328125,0.916998,0.7010309278350516,0.6019417475728155,0.8113207547169812,0.8631578947368421,0.8076923076923077,0.6736842105263158
SMP2020,2000,LoRA-Focal,123,0.7362930750468811,0.736293075046881,0.7366666666666667,0.7366666666666667,0.7263155347084639,0.9299599999999999,149.60547018051147,1.1993582248687744,1973.91259765625,0.88935,0.7096774193548386,0.6495726495726495,0.7927927927927928,0.8571428571428571,0.803921568627451,0.6046511627906976
SMP2020,2000,LoRA-Focal,789,0.7507918640816372,0.7507918640816371,0.75,0.75,0.7473195261264581,0.9263733333333333,193.7503526210785,1.209571123123169,1973.91259765625,0.88935,0.6732673267326733,0.6938775510204083,0.826923076923077,0.8478260869565217,0.7428571428571428,0.72
SMP2020,2000,LoRA-Focal,2024,0.7289109578396586,0.7289109578396586,0.7266666666666667,0.7266666666666666,0.7231093147456918,0.9215999999999999,132.19952130317688,1.2032456398010254,1973.91259765625,0.88935,0.7474747474747474,0.6306306306306306,0.7636363636363636,0.8314606741573033,0.7551020408163266,0.6451612903225806
SMP2020,2000,LoRA-Focal,1001,0.7209965736839924,0.7209965736839924,0.72,0.7199999999999999,0.7141485097577326,0.9359466666666666,132.90228033065796,1.216792345046997,1973.91259765625,0.88935,0.6464646464646464,0.5825242718446602,0.8000000000000002,0.8181818181818181,0.7777777777777777,0.7010309278350516
SMP2020,2000,LoRA-Focal,45,0.7327405850098802,0.7327405850098802,0.73,0.73,0.7251200611396982,0.9321600000000001,136.71577668190002,1.1978111267089844,1973.91259765625,0.88935,0.712871287128713,0.6363636363636365,0.7777777777777777,0.8695652173913043,0.7956989247311828,0.6041666666666666
SMP2020,2000,LoRA-LDAM,123,0.6764051453487788,0.6764051453487788,0.6833333333333333,0.6833333333333332,0.6589699815534603,0.92984,224.33614873886108,1.2365164756774902,1973.91259765625,0.88935,0.6382978723404256,0.4819277108433735,0.7758620689655172,0.6771653543307087,0.8260869565217391,0.6590909090909091
SMP2020,2000,LoRA-LDAM,789,0.7012636274804417,0.7012636274804417,0.7133333333333334,0.7133333333333334,0.6859024979276009,0.9260666666666667,207.76236391067505,1.2107245922088623,1973.91259765625,0.88935,0.6902654867256637,0.625,0.7927927927927928,0.7610619469026547,0.8000000000000002,0.5384615384615385
SMP2020,2000,LoRA-LDAM,2024,0.6792181010001039,0.6792181010001038,0.69,0.69,0.6618395427774542,0.9223066666666667,198.68087482452393,1.209700107574463,1973.91259765625,0.88935,0.66,0.54,0.7678571428571428,0.7586206896551725,0.8282828282828283,0.5205479452054794
SMP2020,2000,LoRA-LDAM,1001,0.6798479040739102,0.6798479040739103,0.6866666666666666,0.6866666666666665,0.6692543155020144,0.9227333333333334,140.60215306282043,1.1959552764892578,1973.91259765625,0.88935,0.588235294117647,0.5473684210526315,0.75,0.8000000000000002,0.761904761904762,0.631578947368421
SMP2020,2000,LoRA-LDAM,45,0.667109988833786,0.667109988833786,0.6833333333333333,0.6833333333333332,0.6419405427000556,0.9254533333333335,184.83836698532104,1.211580753326416,1973.91259765625,0.88935,0.6153846153846154,0.5981308411214953,0.7394957983193275,0.8037383177570094,0.8349514563106797,0.410958904109589
SMP2020,2000,LoRA-LogitAdj,123,0.7363382993817776,0.7363382993817776,0.7366666666666667,0.7366666666666667,0.7282179341359907,0.9388666666666667,209.7177505493164,1.226508617401123,1973.91259765625,0.88935,0.6956521739130435,0.576923076923077,0.7818181818181817,0.8484848484848485,0.8484848484848485,0.6666666666666666
SMP2020,2000,LoRA-LogitAdj,789,0.7205066604164226,0.7205066604164226,0.7233333333333334,0.7233333333333333,0.715970563002149,0.93192,141.32490372657776,1.209716796875,1973.91259765625,0.88935,0.6521739130434783,0.6857142857142857,0.8000000000000002,0.8000000000000002,0.7547169811320756,0.6304347826086957
SMP2020,2000,LoRA-LogitAdj,2024,0.7320296605758744,0.7320296605758745,0.7333333333333333,0.7333333333333334,0.7239778357862897,0.93208,179.96637344360352,1.2329037189483643,1973.91259765625,0.88935,0.6875,0.616822429906542,0.8037383177570094,0.8543689320388349,0.8210526315789474,0.6086956521739131
SMP2020,2000,LoRA-LogitAdj,1001,0.7385625234406558,0.7385625234406558,0.74,0.7399999999999999,0.7322212860681374,0.9401333333333334,219.93475246429443,1.2140765190124512,1973.91259765625,0.88935,0.6862745098039216,0.607843137254902,0.7962962962962963,0.8653846153846153,0.7789473684210526,0.6966292134831461
SMP2020,2000,LoRA-LogitAdj,45,0.7412032673773975,0.7412032673773975,0.7433333333333333,0.7433333333333333,0.7326647340545739,0.9332799999999999,166.9316964149475,1.1944046020507812,1973.91259765625,0.88935,0.6938775510204083,0.577319587628866,0.8181818181818182,0.8958333333333334,0.7663551401869159,0.6956521739130435
SMP2020,2000,Full-FineTuning,123,0.7080027184417865,0.7080027184417865,0.7133333333333334,0.7133333333333333,0.6963048864008158,0.9324133333333333,208.2945418357849,1.1215009689331055,3026.94873046875,102.272262,0.6607142857142857,0.5376344086021505,0.780952380952381,0.8076923076923077,0.819047619047619,0.6419753086419753
SMP2020,2000,Full-FineTuning,789,0.7319340637946,0.7319340637945999,0.7366666666666667,0.7366666666666667,0.7234134307418423,0.92604,170.39722895622253,1.1323981285095215,3022.57373046875,102.272262,0.6739130434782609,0.6024096385542169,0.8037383177570094,0.8247422680412372,0.7850467289719626,0.7017543859649122
SMP2020,2000,Full-FineTuning,2024,0.7226129242125606,0.7226129242125606,0.7266666666666667,0.7266666666666666,0.7126967583143531,0.9195333333333333,196.81100130081177,1.110403299331665,3022.57373046875,102.272262,0.6842105263157895,0.5681818181818182,0.7889908256880733,0.8712871287128714,0.7708333333333333,0.6521739130434783
SMP2020,2000,Full-FineTuning,1001,0.735023282864263,0.7350232828642631,0.74,0.7399999999999999,0.7261149042504629,0.9346533333333332,199.29854536056519,1.1086375713348389,3022.57373046875,102.272262,0.693069306930693,0.6117647058823529,0.7894736842105263,0.8631578947368421,0.7787610619469026,0.6739130434782609
SMP2020,2000,Full-FineTuning,45,0.7223323123489526,0.7223323123489526,0.7266666666666667,0.7266666666666666,0.7130188175994744,0.9298000000000001,182.77264285087585,1.106929063796997,3022.57373046875,102.272262,0.6666666666666666,0.5940594059405941,0.8000000000000002,0.8453608247422681,0.8,0.627906976744186
