text,true_label,pred_label
人 总 需 要 勇 敢 生 存 / 我 在 想 要 用 什 么 歌 词 表 达 此 刻 感 受 的 时 候 这 首 歌 就 出 现 在 脑 海 了 / 例 如 学 会,4,4
我 家 这 个 才 一 岁 多 都 开 始 大 鼾 了 这 怎 么 得 了 啊 ， 难 道 真 的 会 遗 传 ？,5,5
一 个 梦 、 心 中 又 泛 起 了 涟 漪 ！ 不 知 怎 的 心 中 无 爱 也 无 恨,3,1
上 微 生 物 的 课 看 寄 生 虫 老 师 布 置 的 作 业 ， 谁 让 明 天 考 试 呢 ， 然 后 然 后 我 就 被 微 生 物 老 师 提 问 了 ， 真 的 是 醉 啦,0,0
我 爱 的 人 和 爱 我 的 人 ， 我 会 一 直 幸 福 下 去 哒 ！,4,4
最 能 让 人 感 到 快 乐 的 事 ， 莫 过 于 经 过 一 番 努 力 后 ， 所 有 东 西 正 慢 慢 变 成 你 想 要 的 样 子 ！ 早 安,4,4
而 最 大 的 赢 家 不 是 纳 斯 里 或 者 古 尔 库 夫 中 的 任 何 一 个 ， 却 是 主 帅 布 兰 科 。,3,3
钱 江 晚 报 ： [ 恐 怖 ！ 台 州 一 轿 车 被 上 百 根 钢 筋 彻 底 贯 通 ] 昨 天 下 午 ， 台 州 临 海 大 道 西 洋 村 附 近 ， 一 辆 沃 尔 沃 轿 车 先 后 与 一 辆 出 租 车 和 一 辆 满 载 钢 筋 的 三 轮 车 碰 撞 。 三 轮 车 上 的 上 百 根 钢 筋 全 部 刺 入 轿 车 ， 将 轿 车 扎 成 刺 猬 。 沃 尔 沃 的 驾 驶 员 一 个 飞 扑 ， 居 然 在 数 百 根 钢 筋 的 缝 隙 中 找 到 了 一 小 块,2,2
北 方 秀 暖 气 ！ 广 东 等 地 秀 艳 阳 ！ 那 我 们 中 间 的 呢 中 间 的 呢 ！ 我 特 么 就 快 半 个 月 没 见 过 太 阳 了 ！ 已 经 下 了 不 知 道 多 久 的 雨 了 ， 冷 死 了,0,1
微 博 搜 了 一 下 ， 叫 赵 萍 萍 的 美 女 好 多 啊 、,3,5
是 的 ， 无 论 怎 样 ， 你 都 好 帅 ， 帅 帅 帅 ， 喜 欢 你 到 爆,4,4
越 深 的 夜 越 难 眠 ， 因 为 对 昨 天 的 不 甘 心 ， 还 是 对 明 天 的 抵 触 。 这 里 有 暖 气 和 咖 啡 ， 等 一 个 和 我 一 样 的 人 讲 故 事 给 我 听 。,1,1
最 近 产 粮 多 得 要 跟 不 上 他 的 节 奏 了 嘤 嘤 嘤 笑 得 好 甜,4,4
睡 觉 误 事 上 周 才 因 为 睡 过 头 错 过 了 纳 米 材 料 导 论 课 的 第 一 节 课 ， 更 不 幸 的 是 还 赶 上 了 点 名,0,1
纽 科 门 的 蒸 汽 机 将 蒸 汽 引 入 气 缸 后 阀 门 被 关 闭 ， 然 后 冷 水 被 撒 入 汽 缸 ， 蒸 汽 凝 结 时 造 成 真 空 。,3,3
最 爱 豪 豪 ， 跟 他 聊 就 很 安 心 ， 果 真 是 最 重 要 的 几 个 人 在 前 20 年 就 已 经 全 遇 见 了 吗 ？ 那 我 也 很 满 足 了 ， 我 不 贪 心 。 我 不 遗 忘 过 去 ， 我 要 遗 忘 未 来 ， 一 如 苏 铭 的 选 择 。 我 的 过 去 停 留 在 20 岁 以 前 ， 果 然 可 以 一 直 陪 我 到 最 后 的 只 有 那 几 个 ， 都 是 卢 心 怡 级 的 人 啊 晚 上 咖 啡 喝 醉 了 ， 好 好 睡 一 觉,4,4
今 天 ， 生 化 检 查 结 果 出 来 了 竞 会 有 四 项 不 合 格,5,5
今 天 真 的 很 开 心 ， 下 午 去 了 图 书 馆 居 然 碰 到 了 钟 金 伶 ， 之 前 就 约 好 了 和 她 今 晚 去 看 电 影 的 ， 哈 哈 刚 好 又 遇 到 她 ， 就 是 缘 分 ， 今 天 看 了 我 的 少 女 时 代 真 的 很 不 错 的 一 部 电 影 噢 ！ 喜 欢 电 影 有 些 地 方 小 感 动 一 直 喜 欢 青 春 的 电 影 ， 然 而 看 不 到 欧 美 大 片 ， 以 后 我 不 会 去 看 欧 美 大 片 的,4,4
刚 看 完 医 生 就 开 始 进 入 头 痛 无 力 各 种 问 题 状 态 ， 这 是 啥 情 况,2,0
【 醒 后 不 要 剧 烈 运 动 】 许 多 人 ； 晨 起 后 习 惯 进 行 适 当 的 体 育 锻 炼 ， 只 要 注 意 。 对 健 康 的 确 有 益 处 。 但 是 。 运 动 必 须 在 晨 起 后 稍 作 休 息 一 下 、 待 气 血 阴 阳 运 行 平 衡 后 才 可 进 行,3,3
请 叫 我 电 灯 泡 ～ 六 对 情 侣 我 独 自 一 人,1,4
刚 做 了 个 噩 梦 那 个 女 人 又 来 了 她 找 到 了 我 的 这 个 小 号 看 到 了 我 的 头 像 害 怕 着 醒 过 来 了 。 。 。 既 然 梦 里 都 不 敢 反 抗 ， 醒 过 来 就 想 作 一 作 了,2,2
toughlove 那 一 整 场 都 很 经 典 lilyd 在 那 场 实 在 是 美 爆 了 啊 啊 啊 啊 感 觉 lima10 年 就 是 妆 容 奇 怪 其 他 的 都 赞 爆 了 然 后 南 瓜 的 那 身 pink 算 是 好 几 年 之 内 的 最 佳 了,4,4
当 物 业 员 我 们 物 业 还 给 摩 托 ， 还 是 个 女 士 的,5,5
恐 惧 不 是 来 源 于 多 可 怕 的 怪 物 ， 而 是 未 知 。,2,2
那 个 在 nico 上 翻 来 覆 去 没 完 没 了 投 稿 黑 细 谷 的 真 是 够 了 ， 被 删 了 还 投 删 了 还 投 ， 最 关 键 的 是 你 为 什 么 要 带 不 相 关 的 人 的 tag ？ ？ ？,0,0
老 娘 天 天 在 家 玩 游 戏?? ， 关 键 是 比 我 玩 的 还 厉 害 ， 我 也 是 醉 了 ！,5,0
这 名 患 者 叫 小 仓 友 基 ， 服 用 了 药 物 后 神 志 不 清 ， 从 公 寓 的 阳 台 上 掉 下 来 后 ， 奇 迹 般 地 保 住 了 性 命 ， 意 识 也 很 清 醒 。,5,3
参 赛 犬 只 要 求 在 所 有 犬 展 上 ， 犬 只 的 健 康 必 须 被 放 在 头 等 重 要 的 位 置 上 。,3,3
明 天 我 要 开 始 把 mark 每 天 发 神 经 病 的 视 频 也 传 bilibili 让 大 家 开 心 开 心 浮 夸 的 动 作 扭 捏 的 表 情 生 硬 的 口 语 开 始 退 潮 的 发 际 线... 一 去 不 回 的 青 春 折 杀 了 他 多 少 才 华 是 上 天 欠 他 太 多...,4,1
中 国 队 踢 联 合 国 队 ？ 一 个 香 港 队 11 个 人 6 个 规 划 球 员 ， 黑 鬼 真 几 把 会 玩 ， 假 摔 球 脏 ， 看 着 就 不 爽,0,0
我 好 像 找 到 了 一 个 人 that ' sme,3,4
我 现 在 真 的 是 很 生 气 ， 什 么 东 西 都 欺 负 我 们 ， 夹 在 中 间 哪 边 都 不 好 做 人 ， 各 种 改 要 求 ， 各 种 调 整 ， 那 原 则 性 的 东 西 定 起 来 ， 要 个 屁 用 ！ 讲 一 句 话 ， 附 加 一 点 证 明 ， 最 基 本 的 准 则 都 要 打 破 ， 那 之 前 让 我 们 做 这 么 多 无 用 功 干 嘛 ！ 玩 我 们 么 ！ 岁 数 大 了 脾 气 也 上 来 了,0,0
昨 天 真 是 越 想 越 不 对 劲 ， 你 说 我 手 机 苹 果 6 是 七 月 买 的 ， 这 就 充 不 进 电 了 。 昨 天 拿 去 修 ， 他 们 居 然 要 收 我 388 块 钱 。 当 然 保 修 期 还 没 过 。 他 说 这 是 硬 件 不 保 修,0,0
新 歌 倒 计 时 ， ， ， 心 情 不 错 ， ， ， 大 家 好 才 是 真 的 好,4,4
tsm 把 三 星 ssg 虐 爆 了 [ 惊 恐 ] 北 美 邪 教 厉 害 了 ， 我 现 在 很 害 怕 。 瑟 瑟 发 抖 4,2,2
米 都 煮 好 咯 给 劳 资 说 休 不 到 那 么 多 了 ， ， ， 擦 ， ， 劳 资 硬 是 想 打 破 次 元 壁 嘞 来 消 灭 你 啊 ！ ！ ！ ！ ！,0,0
【 singleissimple ！ doubleistrouble. 】 一 个 人 是 孤 单 ， 两 个 人 是 麻 烦 ！,1,1
今 天 真 是 烦 烦 烦 ！ 出 门 没 带 钥 匙 ！ 忘 了 带 作 业 ！ 明 天 还 来 一 不 速 之 客 ！ 我 这 是 招 惹 谁 了 啊 ！,0,0
感 觉 麻 麻 在 变 老 啊 多 愁 善 感 让 人 心 疼,1,1
曾 经 走 过 的 日 子 ， 也 只 是 最 后 被 遗 忘 的 记 忆 的 碎 片,1,1
紧 急 求 助 请 转 发 ： 半 月 前 ， 在 九 江 沃 尔 玛 超 市 的 路 边 上 躺 着 一 个 摔 伤 约 50 余 岁 的 先 生 ， 已 被 民 警 送 到 市 中 医 院 治 疗 。 目 前 一 直 找 不 到 家 属 ， 现 病 人 颅 内 出 血 ， 处 于 病 危 ， 已 经 上 了 呼 吸 机 了 。 现 紧 急 呼 吁 ， 有 谁 认 识 这 个 人 ， 或 能 帮 忙 提 供 线 索 找 到 这 个 病 人 的 家 属 。 请 直 接 打 九 江 庐 山 南 路 派,1,2
才 8 颗 的 椰 子 糖 元 好 句 平 均 5 块 一 颗,5,4
妈 ， 这 一 年 来 咱 俩 都 认 同 的 一 句 话 就 是 ： 死 亡 并 不 可 怕 ， 可 怕 的 是 等 待 死 亡 的 过 程 。 我 知 道 你 一 直 不 害 怕 死 亡 ， 从 你 病 魔 缠 身 的 那 刻 起 你 就 一 直 在 期 待 死 亡 的 到 来 ， 甚 至 想 提 前 结 束 这 一 切 。 可 是 我 们 却 是 自 私 的 ， 我 们 不 能 失 去 你 ， 即 使 知 道 多 活 一 天 对 你 来 说 都 是 炼 狱 煎 熬 我 们 也 不 想 放 弃,1,1
从 此 ， 我 们 之 间 再 无 任 何 瓜 葛 ， 我 不 会 再 出 现 在 你 的 世 界 里 ， 来 打 扰 你 的 生 活 。 我 于 你 关 切 的 问 候 ， 却 原 来 不 过 是 一 场 自 作 多 情 罢 了 。 你 有 你 选 择 的 权 利 ， 我 有 我 与 生 俱 来 的 自 尊 ， 或 许 谁 都 不 该 牵 绊 谁 ， 让 我 们 自 由 自 在 地 活 在 珍 贵 的 人 间 ， 岁 月 静 好 ， 你 我 无 恙 ， 往 后 的 往 后 山 水 不 相 逢 ，,1,1
记 住 一 个 人 很 容 易 忘 记 一 个 人 很 难 ！ 呵 呵,1,1
刚 发 快 递 中 通 小 哥 欣 慰 的 说 终 于 不 都 是 东 三 省 广 东 西 我 说 对 啊 毕 竟 五 湖 四 海 都 有 天 空 树 嘛 他 的 表 情 23333,4,4
那 句 有 我 在 触 动 了 我 的 泪 点 有 多 久 没 有 听 到 过 有 我 在 这 部 电 影 真 的 很 喜 欢,4,4
自 贡 街 头 这 样 一 幕 ， 真 怕 飞 起 来 ！ 网 友 爆 料 称 ， 看 得 我 胆 战 心 惊 ， 摩 托 开 不 稳 ， 拿 石 头 绑 起 还 是 左 右 摇 晃 。 两 根 道 占 斗 别 的 车 根 本 过 不 了 ， 后 面 的 车 不 敢 超 ， 害 怕 把 他 挂 倒 。 蜀 黍 快 调 板 仓 到 两 湖 大 桥 的 监 控 ， 把 这 几 个 要 钱 不 要 命 ， 又 影 响 他 人 正 常 行 车 ， 堵 塞 交 通 的 罚 到 住 详,2,2
嘿 嘿 嘿 后 的 我 在 思 考 人 生 ， 不 要 打 扰 我,4,4
校 门 高 7. 6 米 ， 宽 22. 36 米 。,3,3
d8 : 迎 来 了 在 台 湾 的 第 一 场 地 震 ， 说 大 不 大 说 小 不 小 ， 却 也 震 醒 了 睡 梦 中 的 室 友 。 想 起 第 一 次 经 历 地 震 ， 惊 慌 恐 惧 在 那 一 霎 那 随 着 血 液 涌 向 全 身 ， 也 明 白 了 地 震 跳 楼 逃 生 的 心 情 。 后 与 家 里 报 平 安 ， 父 母 仍 在 周 六 早 晨 的 懒 眠 中 ， 听 罢 也 只 道 没 事 。 或 许 终 有 一 日 我 的 恐 惧 会 得 到 安 慰 ， 但 不,2,2
不 知 是 我 买 多 了 晚 饭 还 是 热 情 攀 谈 的 老 板 特 意 给 多,4,4
又 看 一 遍 那 些 年 大 晚 上 一 点 多 哭 成 了 泪 人,1,1
我 的 小 皮 鞋 难 道 不 是 黑 色 么 一 上 午 像 吸 了 一 盒 烟 一 样 算 是 灰,5,1
汪 苏 泷 到 底 谁 （ 我 首 页 这 几 天 都 是 他,5,5
身 体 一 年 不 如 一 年 了 ， 再 不 改 变 要 废 了,1,1
当 一 个 女 的 说 她 再 也 不 想 理 你 其 实 是 她 真 的 很 在 乎 你 。 所 以 我 说 没 事 就 是 有 事 。 没 关 系 就 是 有 关 系 。,1,5
除 了 负 责 货 币 外 ， 密 情 局 也 负 责 侦 察 侦 察 侦 察 策 划 、 运 作 对 政 府 不 利 活 动 的 人 士 。,3,3
想 起 有 些 事 情 我 就 尼 玛 不 舒 服 ， 很 不 舒 服 ， 不 舒 服 的 很 。,0,1
又 长 一 岁 了 ， 当 初 杀 马 特 了 现 在 不 能 在 浪 费 光 阴 了 温 柔 不 帅 ， 祝 自 己 永 远 开 心 快 乐,4,4
一 次 一 次 的 刻 意 ， 承 载 着 多 少 的 无 法 抗 拒,1,1
累 爆 ！ 一 路 五 十 个 小 时 ， 真 是 要 疯 了 。 终 于 在 自 己 的 床 上 睡 个 安 稳 觉 ， 可 越 睡 越 晕,0,1
阴 茎 囊 可 向 后 延 伸 超 过 或 不 超 过 腹 吸 盘 。,3,3
它 是 世 界 上 第 一 个 数 字 图 书 馆 ， 所 有 书 籍 的 输 入 都 是 由 志 愿 者 来 完 成 的 ， 并 将 这 些 书 籍 文 本 化 。,3,3
这 才 几 点 就 起 来 复 习 ， 看 看 看 ， 才 几 点,0,1
9 月 30 日 晚 6 点 左 右 ， 温 哥 华 花 园 发 生 一 起 恶 性 杀 人 事 件 ， 男 的 杀 死 女 的 之 后 把 肠 子 都 掏 出 来 了 ， 之 后 还 淡 定 抽 烟 等 警 察 。 。 。 我 的 天 ， 听 说 了 之 后 感 觉 好 可 怕 ， 可 怕 在 于 那 个 人 好 淡 定 。 简 直 没 有 那 种 害 怕 和 懊 悔 的 感 觉 ， 这 是 有 多 大 仇 啊 ！ 还 有 就 是 那 凶 手 的 心 理 太 变 态 了 ！ 成 都 · 玉 带 桥,0,2
呀 这 个 姑 娘 是 不 是 黄 奕 啊 ！ 瞬 间 我 就 崩 溃 了 路 人 甲 的 感 觉 这 个 打 扮 low 爆 啦,5,5
你 是 我 在 最 无 助 最 害 怕 的 时 候 第 一 个 想 到 的 人 当 我 一 个 人 孤 独 恐 惧 的 时 候 我 脑 海 浮 现 n 次 你 的 电 话 号 码 但 我 实 在 没 有 勇 气 拨 过 去 更 找 不 到 一 个 给 你 打 电 话 的 理 由 但 是 你 不 一 样 当 你 告 诉 我 你 有 事 的 时 候 我 会 不 假 思 索 的 跑 到 你 身 边 因 为 我 已 经 尝 过 无 助 的 滋 味 不 想 让 你 也 体 会 一 回 虽 然 你 可 能 根,1,1
总 人 口 4300 人. 2006 年 村 民 人 均 收 入 4500 元 。,3,3
这 样 下 去 ， 腰 估 计 得 完 完 ， 我 是 不 是 腰 肌 劳 损 了 呀 只 要 不 让 我 坐 着 ， 干 什 么 都 行 ， 最 幸 福 的 就 是 能 这 样 躺 着 发 呆 。,2,1
失 眠 觉 得 明 天 哦 不 已 经 是 今 天 了 超 级 可 怕 [ 惊 恐 ],2,2
美 丽 的 一 天 ， 心 情 好 到 笑 到 难 看 的 牙 都 露 出 来 了,4,4
宋 朝 咸 平 二 年 ( 己 亥 ， 公 元 999 年 ) 复 名 松 阳 县 。,3,3
店 里 突 然 进 来 了 一 个 杵 着 双 拐 杖 的 乞 丐 ， 但 行 走 看 起 来 并 没 有 什 么 障 碍 ， 当 时 看 到 他 在 店 里 的 客 人 乞 讨 ， 出 于 本 能 反 应 ， 去 阻 止 他 并 且 让 他 出 去 讨 ， 不 要 在 店 子 打 扰 到 别 人 ， 话 刚 说 完 ， 立 马 给 我 甩 了 一 个 眼 神 ， 现 在 回 想 起 来 还 是 好 恐 怖 ！ 就 好 像.. 好 像 是 一 把 枪 光 了 他 今 生 今 世 讨 的 钱 ，,2,2
我 这 不 像 洗 头 ， 怎 么 感 觉 像 是 在 杀 猪 啊,5,5
郁 闷 了 ， 充 电 器 落 在 车 里 了.... 要 充 电 才 想 起 来..... 给 我 动 力 早 睡 了,1,1
我 已 经 很 久 很 久 很 久 很 久 没 有 出 去 吃 过 大 餐 了 连 人 均 50 以 上 的 我 都 已 经 快 三 个 月 没 有 吃 过 了 好 想 烤 肉 啊 火 锅 啊,1,1
每 次 看 到 那 种 新 闻 和 底 下 刷 三 观 的 评 论 就 觉 得 我 们 的 国 家 和 人 民 是 多 么 落 后 真 的 很 失 望,1,1
一 天 到 晚 嘴 都 闲 不 住 我 奇 怪 的 是 竟 然 会 有 对 吃 不 在 乎 的 人,5,5
我 要 练 字 ， 我 要 买 乖 致 滴 一 笔 笺 ， 只 是 不 知 道 什 么 时 候,3,1
当 我 说 美 术 设 计 的 时 候 ， 有 人 会 说 哦 就 是 平 面 广 告 嘛 。 如 果 不 较 真 的 说 ， 视 觉 设 计 、 平 面 设 计 、 美 术 设 计 并 没 什 么 本 质 上 的 区 别 ， 只 不 过 美 术 的 范 围 更 广 ， 对 前 两 者 是 包 含 的 关 系 。 我 只 是 想 说 ， 平 面 设 计 是 一 个 很 知 性 的 东 西 ， 可 以 不 懂 但 是 不 要 不 尊 重 ， 它 和 野 广 告 一 体 化 ， 同 时 也 分,3,3
等 了 会 台 ， 终 于 吃 上 了 ， 味 道 凑 合 ， 尤 其 是 饭 材 料 太 差 ， 都 不 成 形,0,4
这 机 场?? 这 么 冷 清 也 就 属 它 了 吧 ， 整 个 大 厅 除 了 我 就 是 他 ， 有 没 有 点 恐 怖 还 好 陆 续 又 来 了 几 个 接 机 的 人 ， 不 然 我 要 吓 跑 了,2,2
身 边 朋 友 都 让 我 离 开 他 ， 说 他 是 渣 男 ， 但 是 我 就 是 会 忍 不 住 的 去 想 他 啊 ， 怎 么 办,1,1
刚 才 进 电 梯 一 个 老 娘 们 儿 把 我 吓 坏 了 大 半 夜 出 来 吓 人 哼 要 不 是 看 着 你 块 儿 大 非 跟 你 喊 两 声 忍 了 [ 左 哼 哼 ],2,2
第 一 个 丧 尸 出 来 之 后 陈 先 生 看 着 我 说 恐 怖 片 哦 我 点 点 头 继 续 咯 ？ ！ 有 点 怕 但 是 想 看 下 去 怪 东 西 ！ 看 到 胖 子 准 爸 爸 这 段 哭 的 稀 里 哗 啦 ！ 看 到 那 个 大 反 派 我 义 愤 填 膺 釜 山 行 ， 想 到 一 些 人 事 物 ， 不 容 细 思 。 感 觉 今 晚 又 要 做 噩 梦 了 ！,2,2
作 业 ， 我 恨 你 ！ 麻 痹 美 女 成 员 把 图 片 资 料 给 我 们 看 ， 我 们 都 就 想 到 哪 个 作 业 有 错 就 改 或 补 做 ！ 美 女 成 员 不 应 该 给 我 们 看 醉 了 ！,1,0
一 肚 子 的 火 不 知 道 往 哪 发 。 给 妈 妈 打 电 话 ， 中 午 打 个 在 打 牌 ， 下 午 打 个 在 打 牌 ， 我 真 的 烦 死 了 。 我 这 里 就 像 旅 馆 一 样 。 家 里 一 下 这 个 来 ， 一 下 那 个 要 来 。 还 不 能 甩 脸 色 。 我 还 要 有 强 迫 症 ， 不 喜 欢 别 人 睡 我 的 床 。 好 想 吐 槽 吐 槽 。,0,0
练 车 练 的 好 差 阿 ， 越 练 越 差 ， 越 练 越 差 ， 练 的 都 灰 心 了,0,1
第 二 十 一 条 房 屋 权 利 证 书 实 行 验 证 制 度 ， 具 体 验 证 办 法 由 省 人 民 政 府 建 设 行 政 主 管 部 门 规 定 。,3,3
就 广 州 而 言 ， 冬 天 不 下 雨 还 好 ， 一 下 雨 那 就 是 入 骨 的 冷 啊,2,1
回 家 路 上 啃 了 一 片 面 包 ， 吃 了 个 炸 鸡 ， 几 块 鸡 块 ， 一 杯 橙 汁 ， 三 包 花 生 ， 两 包 零 嘴 ， 然 后 现 在 又 吃 了 碗 菌 菇 蛋 花 面 对 自 己 太 好 了,1,4
少 喝 鸡 汤 ， 多 做 实 事 。 早 睡 ， 晚 安 。,4,4
大 下 雨 天 的 还 得 看 这 个 教 练 臭 脸 ， 闷 在 车 里 浑 身 不 自 在,0,0
我 都 穷 成 这 样 ， 你 tm 还 偷 我 手 机 ， 你 tm 还 偷 我 手 机 ， 你 tm 还 偷 我 手 机 。 我 祝 你 下 次 再 做 这 种 事 的 时 候 被 抓 到 ， 长 点 心 吧 ， 好 好 做 人 吧,0,0
项 目 中 休 闲 设 施 包 括 游 泳 池 和 活 动 区 。,3,3
大 半 夜 的 ， 手 机 充 电 器 爆 炸 了 ， 吓 死 我 了 ， 三 星 充 电 器 也 爆 炸 ， 我 插 排 就 在 床 头 ， 得 亏 没 有 嘣 到 我 ， 三 星 充 电 器 大 半 夜 爆 炸 ， 我 只 在 新 闻 看 过 三 星 手 机 爆 炸 ， 没 有 想 到 我 ， 这 事 发 生 在 我 身 上 ， 太 吓 人 了 ， 这 多 坑 人 啊 ， 这 是 没 有 嘣 到 ， 要 是 嘣 到 我 咋 整 啊 ， 大 半 夜 家 里 电 闸 都 跳 了 ， 得 亏 我 家,2,2
有 个 无 聊 的 小 哥 突 发 奇 想 ， 将 泡 面 泡 软 后 一 根 一 根 捞 出 来 量 了 一 下 苗 条 的 长 度 ， 结 果 发 现 ， 一 碗 泡 面 的 面 条 长 度 竟 然 有 60 米 左 右,5,5
晚 上 得 空 算 了 下 这 些 年 工 作 所 挣 的 工 资 出 来 十 年 了 挣 的 薪 水 不 到 三 十 万 刚 出 来 时 给 家 里 了 三 万 多 自 己 租 房 用 了 两 万 多 剩 下 的 吗 尼 不 知 去 了 哪 儿 酒 店 这 个 低 薪 行 业 又 苦 又 累 还 不 如 做 工 厂 妹 赚 的 多 呦,1,1
看 来 男 朋 友 不 是 没 用 的 ， 男 朋 友 是 用 来 陪 刷 夜 ， 及 避 免 刷 夜 的 ， 帮 打 水 和 陪 打 水 的 ， 陪 外 出 和 接 送 的 ， 及 陪 去 医 院,4,0
女 生 真 的 不 好 当 啊 ， 感 觉 腰 已 经 撑 不 起 上 半 身 了 ， 可 是 没 时 间 卧 床 啊,1,1
回 到 家 才 发 现 又 忘 了 打 卡 ！ 是 又 又 又 ！ ！ ！ 告 诉 我 怎 么 才 能 不 忘 记 下 班 打 卡 这 回 事 ！ ！ ！ wtf ！,0,0
它 们 的 食 物 尽 是 一 些 身 手 敏 捷 的 动 物 ， 如 鱼 和 海 豹 等 。,3,3
不 小 心 倒 了 点 荧 光 剂 下 去 ， 感 觉 瞬 间 开 启 了 异 次 元 的 通 道 。 。 。,5,4
原 来 我 也 有 少 女 时 代! 大 扫 除 找 出 来 我 也 不 知 道 叫 什 么 暂 且 叫 她 发 带 的 东 西 我 拿 出 来 装 了 下 嫩 日 照 今 天 初 雪 有 种 过 年 的 感 受 兴 奋 的 不 行,4,4
更 为 可 怕 的 在 这 ： 1. 沙 特 伊 教 徒 人 口 占 100 % ， 2. 汉 志 省 除 吉 达 外 的 所 有 城 市 非 伊 教 徒 都 不 得 进 入 和 生 存 ， 其 中 的 居 民 亦 无 退 教 自 由 。 3. 宗 教 教 法 代 替 国 法 [ 思 考 ] 沙 特 是 一 种 公 开 的 恐 怖,2,5
自 带 晕 车 属 性 的 我 每 次 长 途 跋 涉 回 来 就 要 睡 一 觉 补 补 元 气 ， 伤 不 起,0,1
【 我 国 18 岁 以 下 低 龄 赴 美 留 学 生 10 年 增 加 480 倍,3,5
三 个 月 没 来 亲 戚 ， 十 三 号 来 亲 戚 了 十 六 号 去 检 查 有 多 卵 巢 综 合 征 ， 看 到 检 查 眼 泪 就 出 来 了 ， 一 个 人 淋 着 雨 打 电 话 给 表 妹 个 妈 妈 ， 电 话 那 头 我 听 到 了 妈 妈 的 哭 声 ， 三 月 份 和 老 公 在 一 起 ， 妈 妈 每 个 月 都 问 怀 了 没 有 ， 每 次 我 都 很 心 寒 告 诉 她 没 有 我 该 怎 么 办 今 天 开 始 吃 达 英 三 个 月 ， 戒 辣 戒 酒 戒 夜,1,1
临 睡 前 被 老 妈 唠 叨 收 拾 了 供 菩 萨 的 香 碗 。 从 去 年 年 底 开 始 我 家 的 香 碗 从 中 间 就 插 不 进 去 了 香 。 我 也 没 在 意 。 （ 知 道 我 有 多 懒 了 吧 ） 。 刚 才 倒 香 灰 突 然 发 现 我 家 的 香 碗 里 竟 然 插 着 两 枚 硬 币 [ 惊 恐 ] [ 惊 恐 ] [ 惊 恐 ] [ 惊 恐 ] [ 惊 恐 ] [ 惊 恐 ] 吓 死 本 宝 宝 [ 惊 恐 ] [ 惊 恐 ] [ 惊 恐 ] [ 惊 恐 ],2,2
一 分 钱 买 的 ， 虽 然 知 道 它 很 小 ， 但 没 想 到 竟 然 这 么 小,5,5
回 想 过 去 ， 我 们 几 乎 很 少 有 机 会 面 对 面 的 聊 天,1,1
做 了 一 个 非 常 非 常 非 常 非 常 非 常 美 的 美 梦,4,4
啊 哈 哈 哈 又 黑 我 月 半 木 娄 人 家 只 是 胖 着 玩 玩,4,0
太 可 怕 了 ！ 恐 怖 车 祸 ： 狭 窄 山 路 两 车 相 遇 轿 车 瞬 间 被 砸 扁 小 轿 车 内 两 人 死 亡 、 一 人 受 伤 。 开 车 朋 友 的 一 定 要 看 看 ， 远 离 大 货 车 ， 随 手 转 。 秒 拍 视 频,2,2
今 天 去 针 灸 （ 颈 椎 不 好 ） ， 最 后 起 针 后 感 觉 脖 子 那 里 还 有 点 别 扭 ， 我 就 摸 了 一 下 ， 竟 然 还 有 一 根 针,2,5
兴 起 刷 个 朋 友 圈 ， 竟 然 看 到 我 初 中 同 学 发 的 我 高 中 同 学 的 结 婚 照 ， 我 脑 子 里 的 唯 一 想 法 ， 就 是 震 惊 ， 她 竟 然 结 婚 了 ， 竟 然 结 婚 了 ， 吓 死 宝 宝 了,5,2
原 名 龙 溪 ， 全 长 25 华 里 ， 发 源 于 鼓 山 ， 因 水 源 丰 富 ， 清 道 光 年 间 全 盛 时 沿 溪 处 处 磨 坊 ， 故 名 磨 溪 。,3,3
老 爸 是 一 轮 接 一 轮 的 惊 喜 吖 ， 继 泡 沫 之 后 又 在 播 放 解 解 的 喜 欢 你 与 再 见 ， 比 我 还 时 髦 ， 老 爸 你 是 走 在 时 尚 的 前 沿 吗 ？,4,4
一 到 考 试 周 就 心 娇 娇 ， 孤 独 感 怀 旧 感 倍 涌 而 至 ， 肿 么 破,1,1
所 有 的 事 情 都 会 随 着 时 间 推 移 浮 出 水 面 ， 真 相 越 残 酷 ， 死 得 越 彻 底,3,2
（ 九 ） 承 办 区 委 、 区 政 府 和 上 级 国 有 资 产 监 督 管 理 部 门 交 办 的 其 他 事 项 。,3,3
26 、 2011 年 7 月 ， 康 宝 无 线 物 联 家 居 系 统 通 过 部 级 鉴 定 。,3,3
青 城 山 青 正 街 64 号 依 山 酒 家 太 恐 怖 了 我 们 把 车 停 在 很 远 的 地 方 老 板 居 然 冲 出 来 骂 人 丝 毫 没 有 素 质 说 占 用 了 他 们 的 位 置 公 共 停 车 区 域 说 是 他 们 家 的 差 点 就 动 手 打 人 了 没 有 素 质 的 人 真 的 太 可 怕 老 板 追 着 骂 人 什 么 世 道 | 都 江 堰 市,2,2
天 啊 难 道 我 是 异 端 吗 ， 为 什 么 我 喜 欢 画 衣 服 不 喜 欢 画 身 体 啊 魂 淡 ！,5,5
莫 名 其 妙 的 电 脑 就 中 病 毒 了 ， 麻 蛋,0,2
晚 自 习 ， 两 个 同 学 交 头 接 耳 ， 数 次 之 后 ， 老 师 忍 无 可 忍 ， 喝 道 ： 说 什 么 呢 ？ 非 要 在 上 课 的 时 候 说 ？ ！ 学 生 战 战 兢 兢 地 答 道 ： 再 商 量 怎 么 给 祖 国 母 亲 庆 生 。,2,0
成 语 输 肝 沥 胆 发 音 shuganlidan 解 释 比 喻 对 人 极 为 忠 诚 。,3,3
前 几 天 说 什 么 来 着 ， 就 怕 梦 里 的 坏 事 成 真 ， 果 不 其 然 为 什 么 最 近 感 应 这 么 强 ？ 是 要 出 马 了 吗 自 挂 东 南 枝,5,5
13 年 那 个 短 片 超 恐 怖 [ 哆 啦 a 梦 害 怕 ],2,2
我 想 我 真 的 有 密 集 恐 惧 症 了 咋 就 这 么 多 人 呢 我 真 的 害 怕 和 焦 灼 汽 车 没 票 得 去 坐 火 车 结 果 只 能 站 着 去 另 一 个 地 方 转 转 过 后 还 得 再 转 今 晚 能 到 家 么 其 实 我 家 很 近 的 回 趟 家 不 容 易 阿 火 车 上 人 挤 人 味 道 也 难 闻 算 了 算 了 我 还 是 忍 忍 算 了?? 在 此 立 誓 ： 长 假 期 绝 对 不 出 门 ！ ！ ！ ！ | 芜 湖 · 两 站...,2,2
协 调 交 警 大 队 、 交 通 事 务 所 、 城 管 办 、 各 工 作 站 的 十 几 个 部 门 的 工 作 ， 与 同 时 也 与 城 建 办 、 市 交 委 等 各 部 门 联 系 ， 做 好 相 关 工 作 。,3,3
智 齿 是 怎 么 拔 的 ？ 看 完 后 简 直 吓 尿 了 ！ 知 道 牙 医 有 多 不 容 易 了 吧 ？,2,2
做 了 一 个 很 血 腥 的 梦 ， 现 在 满 脑 子 的 肢 解 ， 农 药 ， 杀 人 魔 。 我 天 ， 我 都 日 有 所 思 些 什 么 了,5,2
产 前 128 斤 ， 产 后 5 天 111. 4 斤 。 天 哪 ， 生 完 就 瘦 了 17 斤 ， 恢 复 好 快,5,5
该 村 目 前 正 在 发 展 花 红 特 色 产 业 ， 计 划 大 力 发 展 优 质 水 果 产 业 。,3,3
陈 坤 河 （ 1907 － 1934 ） ， 福 建 省 龙 岩 县 （ 今 龙 岩 市 新 罗 区 ） 白 沙 乡 郭 畲 村 人 。,3,3
推 杆 两 端 由 靠 近 摇 臂 的 调 整 螺 钉 处 的 回 油 孔 供 油 润 滑 。,3,3
我 觉 得 我 又 犯 选 择 困 难 症 了 ！ 老 是 这 样 ， 那 现 在 最 终 决 定 一 下 ， 以 后 这 个 号 就 发 日 常 ， 萌 cp 看 小 说 之 类 的 就 用 那 个 号 ， 各 司 其 职 ， 互 不 影 响 ， ok ？,0,0
永 远 不 知 道 意 外 和 明 天 哪 个 先 来 ， 且 行 且 珍 后 怕 [ 惊 恐 ] [ 惊 恐 ] [ 惊 恐 ] 余 姚 市,2,2
还 有 一 个 月 宝 宝 就 要 出 生 了 。 这 几 天 总 是 会 刷 微 博 ， 无 意 看 到 顺 产 或 者 剖 腹 产 的 过 程 ， 感 觉 会 超 级 无 敌 痛 和 恐 怖 ！ 啊 啊 啊 [ 悲 伤 ] [ 悲 伤 ] [ 悲 伤 ] 有 点 害 怕 了,2,2
突 然 站 在 阳 台 看 着 窗 外 ， 感 觉 大 学 生 活 一 天 天 在 减 少 ， 怎 么 说 呢 。 不 管 怎 样 ， 好 好 珍 惜 吧 ！,3,1
这 天 ， 人 类 突 然 回 想 起 追 篮 球 动 画 时 的 恐 怖 （ x ） 篮 球 的 时 候 至 少 还 有 原 作 可 循 ， 花 丸 这 个 未 知 数 实 在 可 怕,2,2
早 上 起 来 想 大 喊 一 声 iamthekingoftheworld!!!!,4,4
最 近 得 知 一 个 消 息 ， 为 什 么 我 们 会 多 交 200 元 的 住 宿 费 ， 那 是 因 为 我 们 住 在 阳 面 ， 那 多 出 来 的 200 元 是 用 来 买 阳 光 的 ！,5,5
去 年 十 一 图 书 馆 关 门 ， 我 和 小 主 聪 哥 背 着 小 书 包 去 教 学 楼 ， 各 个 教 室 转 找 人 少 的 ， 小 主 走 到 e 时 我 继 续 转 b ， 然 后 可 怕 的 事 情 发 生 了 ， bx01orx04 我 在 后 门 里 看 到 一 个 穿 毛 衣 的 男 生 在 拿 着 书 走 动 ， 然 而 我 推 门 推 不 开 ， 去 叫 小 主 来 了 说 根 本 没 人 这 教 室 开 不 开 ， 我 吓 坏 了 ， 从 前 门 看 从 窗 帘,2,2
有 时 候 亲 眼 看 着 比 随 意 想 象 恐 怖 太 多 ， 越 是 让 自 己 不 去 想 、 不 去 说 ， 反 而 越 像 一 根 刺 ， 扎 在 你 心 上 。 最 可 怕 的 是 ， 当 事 人 已 经 不 会 再 追 问 ， 不 会 再 思 前 想 后 ， 继 续 用 惯 用 手 段 让 此 刻 过 去 ， 然 后 回 到 原 状 ， 好 似 刚 刚 只 是 发 生 了 一 个 小 意 外 。 有 些 事 情 ， 变 了 就 是 变 了 ， 再 遮 挡 、 再 刻 意 忽 视 ，,1,2
最 讨 厌 随 地 拉 屎 的 人 了 小 孩 也 讨 厌 尼 玛,0,0
哈 哈 哈 我 从 小 学 到 至 今 都 是 朝 なかなか 起 きられない 一 点 长 进 没 有,1,1
突 然 想 找 yoga 的 几 首 歌 来 听 下 ， 然 后 伴 随 着 歌 声 入 眠 ， 我 是 真 的 好 久 没 怎 么 听 国 语 歌 了 ， 但 是 突 然 发 现 酷 狗 上 面 的 好 多 歌 都 不 见 了,5,1
以 后 这 样 的 事 真 的 不 要 来 找 我 了 0 经 验 者 还 得 安 慰 安 慰 前 辈 们 ， 最 不 会 做 的 事 就 是 安 慰 了,2,1
"hello, 大 家 好 ， 我 叫 初 五 ， 我 系 一 直 红 加 白 加 菲 猫 。 因 为 我 主 人 系 初 五 生 日 噶 我 系 今 年 8 月 21 号 出 世 ， 下 面 系 美 丽 动 人 温 柔 可 爱 大 方 第 一 日 抱 我 翻 离 噶 时 候 。",4,4
3 分 布 中 国 分 布 云 南 西 畴 县 （ 25918 ， 25919 ） 。,3,3
下 雪 了 ， 大 学 生 们 居 然 在 打 伞 。 。 一 点 都 没 有 感 受 冬 天 到 来 的 气 息 ， 没 有 亲 近 大 自 然 。,5,5
比 无 序 更 可 怕 的 是 僵 化 的 有 序 ， 前 者 意 味 着 对 自 由 的 寻 求 ， 呈 现 出 生 命 的 绚 烂 ； 后 者 是 理 性 的 凝 固 和 板 结 ， 消 失 了 蓬 勃 的 声 色 。 历 史 就 是 从 无 序 到 有 序 、 再 从 有 序 到 无 序 的 运 动 ， 没 有 目 的 但 人 在 其 中 茁 壮 成 长 。 没 有 必 要 恐 惧 历 史 的 运 动 ， 因 为 这 不 过 是 历 史 深 沉 的 呼 吸 。 把 握 住 自 由 与 美 ，,4,4
停 下 来 喝 杯 红 茶 ， 吃 小 点 ！ 轻 松 一 下 ， 放 送 心 情 ， 希 望 明 天 的 考 试 顺 利 通 过 ！,4,4
压 力 大 就 狂 吃 ， 心 情 不 好 也 狂 吃 ， 胃 疼,1,1
一 年 后 ， 谢 家 麟 被 斯 坦 福 大 学 微 波 与 高 能 物 理 实 验 室 派 往 芝 加 哥 ， 研 制 当 时 世 界 上 能 量 最 高 的 医 用 加 速 器 。,3,3
码 了 好 多 字 写 了 又 删 删 了 又 写 ， 自 己 还 没 办 法 好 好 组 织 语 言 吧 只 是 难 过 。 又 觉 得 写 的 心 情 要 是 放 上 来 ， 会 招 黑 的 吧,1,1
偶 滴 小 天 地 ， 天 天 happy～happy,4,4
唐 、 宋 时 ， 以 州 （ 府 ） 、 县 科 举 考 试 （ 乡 贡 、 乡 举 ） 中 试 者 称 乡 贡 士 。,3,3
广 东 五 洲 药 业 有 限 公 司 食 母 生 片 袋 内 发 现 像 蟑 螂 一 样 的 虫 子 ！ 这 药 品 是 在 厕 所 生 产 的 吗 ！,0,5
来 来 来! 你 告 诉 我 这 怎 么 背! 怎 么 背! 全 书 都 这 样! 你 让 我 怎 么 背! 重 要 的 事 情 说 三 遍! 怎 么 背! 怎 么 背! 怎 么 背!,0,0
每 天 都 有 烦 不 完 的 事 。 要 不 要 活 了 啊,0,0
打 开 手 机 发 现 上 司 给 我 发 了 条 消 息 吓 得 我 差 点 惨 叫 出 声 ， 点 开 一 看 是 国 庆 祝 福 [ 大 哭 ] [ 大 哭 ] [ 大 哭 ] [ 大 哭 ] 吓 死 我 了 啊 啊 啊 啊 啊 啊 啊,2,2
是 不 是 因 为 不 是 亲 生 的 就 这 样 ？ 一 直 以 来 ， 我 都 渴 望 被 爱 。 总 以 为 爱 的 前 提 就 是 只 是 单 纯 的 爱 ， 但 我 好 像 错 了 ， 大 错 特 错 ！ 因 为 血 缘 的 关 系 ， 我 们 有 着 一 条 永 远 无 法 跨 越 的 鸿 沟 。 我 一 直 体 验 不 了 那 种 感 觉 ， 直 到 我 自 己 的 女 儿 出 生 了 ， 我 才 真 正 明 白 了 ， 血 缘 是 一 种 奇 妙 的 东 西 ！,5,5
我 竟 然 有 国 外 的 客 户 ， 我 只 想 说 拍 这 么 便 宜 的 宝 贝,5,5
今 天 是 你 第 一 次 看 黄 色 的 银 杏 树 ， 妈 妈 带 你 去 了 白 岩 寺 。,3,4
不 要 期 待 ， 不 要 假 想 ， 不 要 强 求 ， 顺 其 自 然 ， 如 果 注 定 ， 便 一 定 会 发 生 。 心 安 ， 因 为 我 知 道 ， 我 永 远 等 不 了 他 ， 是 我 太 过 于 追 求,1,1
我 不 知 道 你 是 否 忘 记 我 了 我 不 知 道 你 有 没 有 偶 尔 想 起 我 我 也 曾 幻 想 过 我 们 的 明 天 啊 我 不 敢 去 喜 欢 别 人 因 为 我 怕 有 一 天 你 会 来 找 我,1,1
小 伙 伴 们 ， 今 天 主 页 菌 接 受 11 月 19 号 （ 周 四 ！ 周 四 ！ 周 四 ！ ） 的 点 歌 喔 ~,4,4
今 天 入 了 小 蜜 缇 俩 件 套 超 级 润 拯 救 常 年 嘴 唇 拔 干 星 人 就 是 味 道 不 怎 么 好 像 开 塞 露 和 凡 士 林 的 结 合 体 还 要 你 吃 进 去 除 了 这 个 真 的 是 完 美,4,4
证 监 会 两 个 副 部 级 干 部 落 马 ， 只 是 开 始,0,5
半 夜 睡 不 着 ， 早 上 起 不 来 ， 黑 色 星 期 二 又 来 了,1,1
美 丽 的 妹 子 总 是 在 我 身 边 真 好 ！ 长 得 真 好 看 ！ ！,4,4
不 间 断 刷 到 毛 子 新 闻 感 觉 下 一 秒 世 界 大 战 就 要 打 起 来 了 啊 啊 啊,2,5
什 么 玩 意 儿 阿 差 一 点 儿 就 过 了 都 没 了,0,1
如 果 把 西 游 记 倒 过 来 写 ， 好 像 也 没 有 什 么 不 对 啊 这 tmd 绝 对 又 是 一 部 神 作 ！,5,5
分 享 图 片 闲 得 无 聊 的 我 ， 百 度 了 一 下 ， 结 果 有 点 惊 恐,2,2
我 最 爱 最 爱 的 大 天 使 生 日 快 乐 ， 以 后 也 要 一 直 温 柔 下 去 啊,4,4
深 深 觉 得 自 己 性 格 好 包 子 啊 啊 啊 啊 啊 啊 啊 啊 啊 啊 啊 啊 啊 啊 啊 啊 特 么 的 我 也 想 撕 逼 撕 ！ 逼 ！,0,1
也 是 醉 我 这 种 几 乎 都 是 僵 尸 粉 的 微 博 还 有 人 盗 我 号,5,0
刚 才 禾 康 一 员 工 来 寄 快 递 ， 问 我 没 上 学 啊 ？ 我 说 我 毕 业 了 ， 看 我 很 年 轻 吗 ？ 他 问 我 几 岁 ， 我 说 22 ， 他 说 他 比 我 大 5 岁 。 我 说 你 看 上 去 也 很 年 轻 啊 ！ 然 后 他 说 你 这 个 年 纪 就 应 该 泡 妞 不 能 呆 这 儿 额 额 额 走 之 前 又 强 调 了 一 遍,5,5
刚 才 看 见 一 辆 车 与 出 租 车 追 尾 ， 一 群 出 租 车 司 机 聚 拢 过 来 围 住 那 辆 车 的 的 司 机 。 把 我 吓 出 了 一 身 汗 ， 看 来 千 万 不 要 与 出 租 车 亲 密 接 触 啊 。,2,2
【 泡 脚 十 几 分 钟 ， 居 然 要 被 截 肢 】 前 不 久 50 多 岁 的 糖 尿 病 患 者 张 伯 就 因 为 泡 脚 引 起 的 足 部 烫 伤 ， 脚 已 经 肿 胀 发 白 ， 十 分 吓 人 。 医 生 发 现 他 的 双 脚 因 为 烫 伤 而 引 发 足 外 疽 ， 经 过 抢 救 虽 然 保 住 性 命 ， 但 因 为 双 脚 已 经 坏 死 ， 只 能 截 肢 了 。 冬 天 泡 脚 ， 温 暖 又 幸 福 ， 并 不 是 所 有 人 都 适 合 泡 脚 。,5,2
家 门 口 东 风 日 产 的 4s 店 开 了 才 一 年 居 然 关 门 了,5,5
4 、 镜 子 摆 放 不 正 确 易 招 小 人 镜 子 在 我 们 的 生 活 中 是 常 用 的 物 品 ， 如 果 在 摆 放 中 位 置 摆 放 的 不 对 ， 那 就 会 对 主 人 不 利 的 。 一 是 在 办 公 室 中 不 要 在 对 面 摆 放 镜 子 ， 镜 子 对 着 人 不 好 。 在 居 家 风 水 中 镜 子 敢 不 要 正 对 着 床 位 ， 首 先 对 夫 妻 双 方 不 利 ， 更 重 要 的 是 导 致 招 小 人 ， 因 此 一 定 要 引 起 注 意 。,3,3
出 师 不 利 ， 倒 车 都 能 撞 树 上 ， 我 也 是 醉 了 我 的 滴 滴 呀,1,0
此 刻 凌 晨 5 : 10 ， 心 塞 塞 的 ， 与 蚊 子 斗 智 斗 勇 了 40 分 钟 ， 一 个 也 打 不 死 ， 困 的 将 近 崩 溃,0,1
从 上 班 到 现 在 学 生 进 入 社 会 这 个 阶 段 真 的 让 我 有 点 吃 不 消,1,1
"我 投 温 和 善 良 人 品 好 的 num 锅 几 票 ， 一 半 血 统 属 于 中 国 ， 这 种 根 本 没 意 思, 我 dk 都 不 在 永 远 是 偶 们 滴 男 神, 第 9 页 比 较 顺 眼 的 有 完 美 帅 哥 陆 毅 ( 偶 麻 麻 喜 欢 ， 感 觉 各 方 面 都 好 ) ， 基 仔 、 张 东 健 、 小 乔 ， 超 哥 更 喜 欢 他 家 俪 俪 正 在 等 她 的 剧 播 出 竟 然 教 主 也 在 此 页 不 科 学 柳 导 排 到 后 面 了 他 家",3,4
受 邀 出 席 旅 游 系 的 迎 新 晚 会 外 交 二 人 组 表 示 玩 得 很 开 心,4,4
每 一 件 事 情 不 要 只 记 住 了 结 果 也 要 长 点 教 训,4,1
最 近 看 完 《 9 号 秘 事 》 ， 再 一 次 被 reece 二 册 折 服 了 ， 鬼 才 编 剧 ， 鬼 才 演 员 ， 看 一 次 二 册 的 戏 ， 就 惊 叹 好 几 次 。 这 么 腐 国 的 编 剧 演 员 都 这 么 超 能,4,4
脚 面 疼 跑 休 15 天 ， 早 上 跑 后 又 开 始 疼 了 ， 天 哪 不 敢 再 疼 了 都 胖 3 公 斤 了,0,1
突 然 发 现 在 另 一 个 地 方 有 和 我 同 姓 同 名 的 异 性 ！ ！ 我 一 直 以 为 我 是 独 一 无 二 的??,5,5
待 了 快 3 个 月 ， 才 知 道 学 校 门 前 那 个 坡 上 去 是 火 葬 场,5,5
休 假 又 被 拖 ， 多 少 事 情 等 着 办 ， 都 排 的 好 好 的 ， 这 一 下 他 一 个 人 动 ， 全 家 人 行 程 都 得 跟 着 改 ， 真 是 够 了 ， 每 次 休 假 都 得 来 点 事 ， 这 次 一 定 要 分 手 了 ， 过 不 下 去 了,0,0
岁 月 悠 悠 转 身 又 回 首 再 无 喜 乐 哀 愁 往 事 如 烟 花 依 旧 红 尘 看 透 别 无 求,4,1
隔 壁 那 个 拉 一 块 就 叹 气 一 声 ！ 拉 完 不 出 来 还 抽 烟 ， 气 死 我 了 ！ ！ ！ 我 赶 紧 拉 完 走 才 行 ！ ！ ！,0,0
日 本 人 在 地 震 和 海 啸 保 持 着 异 常 镇 静 ！ 不 是 一 个 好 现 象 ， 历 经 大 灾 难 人 类 的 本 能 反 应 就 是 哭 ， 闹 ， 咆 哮 ， 伤 心 ， 愤 怒 。 。 日 本 是 个 压 抑 的 民 族 ， 面 对 突 如 其 来 的 重 创 ， 没 有 反 应 ， 或 者 反 应 不 够 ， 除 非 他 们 有 超 强 的 排 解 压 力 的 能 力 ， 或 者 这 创 伤 不 够 重 大 ， 都 不 是 ！ 情 绪 没 有 得 到 适 当 的 宣 泄,2,1
不 知 道 领 导 脑 子 里 装 的 是 什 么 把 自 习 室 旁 边 的 会 议 室 改 成 k 房 了 ！ ！ ！ ！ ！ ！ ！ ！ ！,0,0
若 我 可 再 活 千 次 万 次 我 都 盼 望 面 前 认 识 你,4,1
同 年 6 月 ， 区 教 育 局 任 命 郑 善 定 为 江 南 中 学 校 长 。,3,3
理 完 微 博 发 现 自 己 以 前 话 好 多 ， 满 满 少 女 心 。 第 一 条 是 2011 年 的 新 年 希 望 自 己 永 远 18 岁 ， 现 在 连 生 气 时 发 个 句 号 冒 泡 的 习 惯 都 改 了 。 立 正 ， 向 前 看 。 ( ),4,4
魔 术 师 dynamo 几 大 经 典 作 品 ， 卧 槽 被 震 惊 呆 了 ！ ！,5,5
最 近 总 是 失 眠 ， 心 慌 ， 好 不 容 易 睡 着 了 ， 还 总 是 被 噩 梦 惊 醒 。 很 久 之 前 有 一 段 时 间 因 为 总 是 梦 魇 ， 一 度 抗 拒 睡 觉 ， 真 是 受 不 了 我 自 己 了 。 想 不 通 平 时 我 也 挺 积 极 向 上 的 啊 ， 怎 么 会 有 这 种 情 况 出 现 ！ ！ ！ 每 次 看 着 天 由 黑 到 白 ， 就 想 抽 自 己 两 下 子 ， 心 好 累 哦 。,2,1
对 的 ， 这 一 次 我 是 真 的 生 气 了 ； 还 是 不 忍 心 打 扰 你 睡 觉 ， 然 后 我 就 自 己 一 个 人 躺 着 生 闷 气 就 当 是 生 我 自 己 的 气 吧 ！ 外 面 的 雨 也 真 是 够 了 ， 留 着 明 年 春 天 下 会 死 啊 。 今 天 已 被 雨 折 腾 够 了 。,1,1
没 化 妆 跑 出 来 吓 人 ， 希 望 不 会 遇 到 熟 人 [ 惊 恐 ],2,2
做 梦 真 有 毫 灵 啊 ， 那 我 前 几 天 还 做 梦 我 前 面 的 女 孩 子 签 单 了???? 千 万 不 要 啊 ， 我 压 力 山 大,2,2
开 启 双 十 一 退 货 模 式 。 。 。 来 看 看 ， 办 公 室 里 剁 手 党 们 要 退 的 货 已 经 铺 满 桌 子 了...,5,5
在 洗 澡 ！ 满 头 的 洗 发 水 泡 沫 准 备 冲 洗 ！ 突 然 砰 的 一 声 ！ 水 管 爆 裂 水 流 像 瀑 布 ！ 赶 快 包 着 浴 巾 头 巾 ！ 跑 去 楼 道 水 房 关 了 水 闸 ！ 我 气 的 有 想 要 拆 掉 房 子 的 冲 动 ！ 一 夜 没 睡 躺 在 沙 发 上 ！ 我 真 特 么,0,2
想 要 1500 块 钱 元 旦 回 家 ， 毕 竟 北 方 人 远 在 杭 州 上 学 来 回 路 费 太 贵 ， 暑 假 开 学 过 来 还 没 回 去 过,1,1
绝 交 书 。 。 。 我 和 我 的 大 朋 友 都 惊 呆 了 ！ ！ ！,5,5
总 是 感 觉 到 很 迷 茫 ， 做 什 么 都 提 不 起 兴 趣 ， 不 知 道 该 怎 么 去 做 ， 问 朋 友 都 说 一 样 ， 就 没 有 呢 能 帮 我 解 惑 么 ， 再 这 样 我 都 精 神 崩 溃 了 ，,1,2
我 的 天 啊 现 在 天 天 都 在 下 雨 我 都 快 疯 了,0,2
我 上 一 条 微 博 发 了 几 分 钟 阅 读 八 百 多 ， 吓 cry ， 出 什 么 事 了,5,2
第 二 十 三 条 ： 协 会 成 员 有 权 了 解 本 协 会 的 章 程 、 组 织 机 构 和 财 务 制 度 等 各 项 规 章 制 度 ， 对 协 会 的 管 理 和 活 动 提 出 建 议 和 质 询 。,3,3
30 秒 之 内 感 受 了 人 间 没 爱 到 有 爱 ， 我 长 的 就 是 那 么 好 欺 负,0,1
还 用 着 note4 的 我 战 战 兢 兢 稍 微 一 热 就 害 怕 boom [ 哆 啦 a 梦 汗 ],2,2
当 年 莫 名 的 喜 欢 ， 唱 也 会 唱 ， 背 也 会 背 ， 过 了 当 年 ， 很 奇 怪 的 全 忘 了,5,5
特 别 是 夜 晚 ， 通 过 高 科 技 夜 景 纪 光 ， 更 加 七 彩 斑 斓 绚 烂 夺 目 。,4,3
"对 抗 韩 流 ， 就 是 现 代 化 的 战 争, 现 代 化 的 战 争 不 是 明 刀 明 枪 ， 现 代 化 战 争 ， 体 现 在 文 化 体 育 政 治 各 个 方 面 ， 韩 流 在 韩 国 一 文 不 值 ， 娱 乐 明 星 的 收 入 很 低 ， 放 任 韩 流 在 中 国 大 地 肆 虐 实 际 上 就 是 中 国 管 理 者 的 失 职 与 犯 罪 ， 让 别 人 来 征 服 人 心 ， 自 己 失 去 人 心 ， 是 多 么 可 怕 与 恐 怖 的 事 情 。 一 天 多",3,2
最 憎 人 系 我 唔 够 训 的 时 候 来 挑 战 我 的 底 线,0,0
如 果 明 天 的 路 你 不 知 该 往 哪 儿 走 我 怎 么 会 突 然 喜 欢 上 这 首 俗 气 爆 的 歌 菇 奈 。,5,1
明 天 再 迟 到 小 山 羊 估 计 会 让 我 交 十 张 房 子 的 模 型 了,2,0
这 休 息 一 天 没 休 明 白 大 清 早 这 帮 人 就 不 让 人 睡 好,1,0
别 想 太 多 ， 会 很 累 ， 学 着 慢 慢 控 制 情 绪 ， 不 要 胡 思 乱 想 ， 别 困 在 一 团 乱 麻 般 的 情 绪 中 ， 动 弹 不 得 。 心 简 单 ， 那 什 么 都 简 单 了 ， 怀 揣 着 你 那 个 美 好 的 愿 望 ， 我 相 信 你 能 做 到 ， 更 相 信 幸 福 会 和 你 一 起 慢 慢 长 大 。,4,4
世 界 如 此 险 恶 ， 我 却 总 是 遇 见 如 此 温 暖 的 人 ， 们 。,4,4
这 次 的 砖 宝 宝 不 买 了 这 么 贵 不 约 ！ 尼 玛 一 个 月 内 跑 广 州 跑 北 京 你 当 我 活 在 长 沙 很 容 易 吗 气 死 我 了,0,0
最 终 还 是 中 药 治 好 了 感 冒 呼 吸 顺 畅 、 没 有 发 烧 头 痛 的 感 觉 真 真 好 ！,4,4
有 这 么 冷 吗 ？ 办 公 室 一 妹 子 烘 上 了 小 太 阳,5,1
"我 是 有 多 久 没 玩 儿 微 博 啊 ， what, 都 快 一 年 了 。 。 。",5,5
（ 6 ） 类 似 装 置 的 p & id 若 有 类 似 装 置 的 p & id 可 供 参 考 ， 则 有 利 于 吸 取 他 人 的 经 验 。,3,3
我 真 的 是 想 不 通 为 什 么 当 初 我 会 同 意 把 我 房 间 的 宽 带 分 给 客 厅 的 电 视,0,0
继 上 次 爽 了 vancouver 之 行 。 这 次 又 爽 了 newyork 。 自 己 真 是 越 大 越 不 靠 谱 了,0,0
每 到 下 午 心 里 依 然 会 隐 隐 作 痛 ， 这 一 颗 不 安 的 心 ， 孟 晨 ， 为 什 么 你 离 开 我 我 会 如 此 痛 苦 ， 怎 样 能 心 里 好 受 一 点 儿 ， 我 整 夜 失 眠 ， 满 脑 子 都 是 你 啊,1,1
【 充 电 宝 居 然 能 偷 窥 手 机 里 的 私 密 照 ！,5,5
我 相 信 上 天 是 在 考 验 我 所 以 我 要 努 力 得 到 它 的 认 可,4,4
据 说 美 国 纽 约 时 代 广 场 刚 刚 开 炸 ， 救 援 车 一 大 片 开 来 ！,5,5
主 持 的 昭 平 专 场 晚 会 圆 满 结 束 ， 去 吃 据 说 味 道 最 好 的 小 龙 虾 咯,4,4
并 非 所 有 音 箱 都 需 要 均 衡 器 去 修 饰 ， 惠 威 t200a 频 响 曲 线 和 漫 步 者 r1600t 数 码 版 的 频 响 曲 线 都 较 为 平 直 ， 并 不 需 要 再 度 修 饰 。,3,3
calmdown ！ calmdown ！ 再 坚 持 坚 持 ， 坚 持 坚 持 ！ 没 别 的 要 求 ， 劳 资 只 想 每 天 12 点 之 前 睡 觉,0,4
当 失 去 对 一 件 事 新 鲜 感 的 同 时 也 失 去 了 好 好 做 这 件 事 的 动 力 。 每 天 上 课 渐 渐 也 麻 木 了 ， 发 现 精 髓 或 者 捷 径 就 是 抓 住 重 点 和 考 点 ， 只 有 准 备 公 开 课 的 时 候 才 会 去 挖 掘 那 些 知 识 中 有 趣 的 东 西 ， 但 却 没 有 精 力 每 节 课 都 这 么 认 真 准 备 。 尽 量 ， 时 刻 保 持 新 鲜 感 ！,4,1
我 喝 了 口 过 期 的 漱 口 水 我 会 不 会 要 屎 了,2,2
拿 写 书 来 说 ， 越 是 到 后 期 ， 书 的 质 量 的 提 高 越 主 要 。,3,3
优 秀 只 能 算 达 标 ， 我 要 的 不 仅 技 精 而 且 艺 美 。,4,4
万 万 没 想 到 有 一 天 会 被 自 己 喜 欢 的 一 首 歌 吓 到,5,5
是 我 眼 瞎 了 还 是 怎 么 的 ， 一 个 小 时 前 看 了 眼 火 箭 领 先 15 分 ， 刚 才 一 看 怎 么 落 后 21 分 了,0,5
"看 牙 进 行 时 ， 有 点 恐 怖 ， 竟 然 种 牙 要 抽 血 ， 还 要 拍 口 腔 照 片 ， 不 是 ct, 第 一 次 ，",2,2
今 天 风 好 大 许 久 不 见 的 大 光 明 再 次 降 临 ？ ！ 说 好 的 齐 刘 海 小 萝 莉 呢 心 中 千 万 只 呼 啸 而 过 ～～ 再 见 光 秃 秃 的 脑 门 再 也 不 见 ！ ！,1,4
我 要 去 帮 忙 了 ， 与 其 这 么 说 ， 不 如 说 我 要 去 赴 死 了 。 脸 上 大 写 的 悲 壮 ， 更 可 怕 的 是 我 没 有 带 隐 形 眼 镜 回 来 ！ 我 一 定 会 死 的 很 难 看 ， 好 害 怕,2,2
男 人 是 小 气 的 人 ， 当 看 到 自 己 的 女 人 对 待 别 的 男 人 比 自 己 还 要 好 的 时 候 ， 肯 定 会 有 想 法 会 吃 醋 会 生 气 ！ 下 班 会 因 自 己 男 人 做 事 晚 下 来 几 分 钟 都 会 发 火 的 人 ， 却 可 以 在 上 班 快 要 迟 到 的 时 候 为 了 等 别 的 男 人 停 车 等 很 久 ， 最 后 还 为 了 那 个 男 人 晚 到 ， 居 然 说 下 班 都 等 你 那 么 久 现 在 等 一 下 有 什 么,0,0
舞 台 的 可 怕 之 处 在 于 它 会 放 大 一 个 人 的 缺 点 但 舞 台 的 更 可 怕 之 处 在 于 它 会 放 大 一 个 人 的 优 点 使 你 有 些 不 认 识 那 样 一 个 完 美 的 你,2,4
真 不 是 装 娇 弱 ， 我 今 天 在 看 湄 公 河 的 中 途 已 经 开 始 心 慌 加 手 抖 了 ， 看 完 一 直 没 办 法 平 复 这 种 情 绪 ， 现 在 差 不 多 平 复 了 ， 其 实 真 的 没 什 么 好 吓 人 的 ， 就 是 莫 名 其 妙 的 心 慌 ， 我 平 时 基 本 不 看 这 种 类 型 的 片 子 ， 还 没 适 应 吧,2,2
不 理 解 您 老 人 家 工 作 全 推 给 我 ， 说 话 还 那 样 的 语 气 ， 真 是 服 了,0,0
想 太 多 ， 容 易 自 作 多 情 ， 并 且 ， 想 太 多,1,1
- 爱 得 深 、 爱 得 早 、 都 不 如 爱 的 刚 刚 好 嗯 ～ 是 的 ！,4,4
店 家 说 我 的 快 递 正 在 向 我 狂 奔 而 来 他 的 狂 奔 速 度 真 是 让 我 抓 狂,0,2
澳 洲 接 受 了 那 么 多 难 民 。 。 。 看 来 好 日 子 也 要 到 头 了,1,0
生 活 就 是 这 样 那 我 自 私 点 我 希 望 什 么 不 好 的 事 没 钱 的 日 子 肥 胖 远 离 我 任 何 都 走 开,1,1
找 个 没 人 的 地 方 ， 对 着 镜 子 ， 给 自 己 鞠 个 躬 ， 然 后 对 自 己 说 一 句 ： 姑 奶 奶 ， 您 辛 苦 了 ， 2015 年 您 真 的 很 不 容 易 ！ 心 没 少 伤 ！ 苦 也 没 少 受 ！ 气 更 没 少 生 ！ 人 又 变 老 了 ！ 2016 年 一 定 要 对 自 己 好 点 ！ 咋 高 兴 咋 任 性 就 咋 来 ！ ！ ！ 您 玩 儿 乐 呵 了 就 好,4,4
昨 蹭 了 个 巨 慢 歪 飞 只 下 到 一 半 然 而 就 是 辣 么 巧 秦 俊 杰 才 出 现 就 让 我 别 着 急 本 来 镜 头 就 少 没 有 歪 飞 怪 我 咯,0,1
有 些 东 西 放 不 下 真 的 是 很 难 过 ， 唉 你 们 为 什 么 这 样 对 我,1,1
cp 吧 是 最 困 难 的 一 种 平 台 ， 本 想 圈 地 自 萌 ， 可 又 躲 不 过 纯 粉 的 监 视 ， 吧 务 战 战 兢 兢 、 风 声 鹤 唳 。 可 是 这 样 的 结 果 就 是 把 cp 粉 的 心 伤 了 ， 一 手 好 牌 打 到 烂 。,3,1
拉 完 屎 得 亏 有 习 惯 性 看 便 便 形 状 ， 今 天 有 新 目 标 ， 钱 居 然 掉 马 桶 里 边 ？ ？ ？,5,5
这 是 我 人 生 做 过 最 可 怕 的 梦 了 梦 中 梦 中 梦 中 梦 中 梦 。 。 周 围 的 人 都 是 鬼 变 得 更 可 怕 的 是 每 次 我 以 为 我 醒 了 又 重 复 做 着 第 一 个 梦 的 事 然 后 就 反 反 复 复 无 限 做 着 直 到 有 人 给 我 打 电 话 响 铃 我 才 醒 腿 现 在 还 是 软 的 我 滴 妈 呀 [ 泪 ] （ 恐 怖 游 轮 即 视 感 还 是 加 强 版 ！ ！ ！,2,2
【 泡 脚 十 几 分 钟 ， 居 然 要 被 截 肢 】 前 不 久 50 多 岁 的 糖 尿 病 患 者 张 伯 就 因 为 泡 脚 引 起 的 足 部 烫 伤 ， 脚 已 经 肿 胀 发 白 ， 十 分 吓 人 。 医 生 发 现 他 的 双 脚 因 为 烫 伤 而 引 发 足 外 疽 ， 经 过 抢 救 虽 然 保 住 性 命 ， 但 因 为 双 脚 已 经 坏 死 ， 只 能 截 肢 了 。 冬 天 泡 脚 ， 温 暖 又 幸 福 ， 并 不 是 所 有 人 都 适 合 泡 脚 。 via,5,2
最 开 心 的 还 是 宿 舍 又 聚 在 了 一 起 玩 了 一 晚 上 捉 黑 a 不 是 贡 牌 就 是 输 真 是 心 累 么 么 哒 爱 你 们,4,4
第 四 天 了 ， 不 对 ， 现 在 是 第 五 天 了 ， 唉 ！ 此 时 此 刻 又 在 想 你 了 ， 可 是 早 已 经 离 我 而 去 了 ， 你 早 知 道 最 终 是 这 样 的 结 局 吧 ， 可 是 为 什 么 要 我 来 和 你 走 这 个 结 局 呢 ！ 你 伤 了 我 的 真 心 ， 我 现 在 的 感 觉 又 爱 又 恨 又 不 甘 心 ！ 你 把 我 耍 的 好 苦 ！ 真 的 想 知 道 我 有 没 有 得 到 过 你 的 心 ， 得 到 了 又 拥 有 过 多 久,1,1
胃 痛 胃 酸 胃 胀 + 全 身 乏 力 ， 这 是 怎 么 了,1,1
2006 年 修 建 了 斋 堂 、 寮 房 、 水 塔 、 围 墙 ， 对 后 大 殿 缘 法 堂 重 新 装 修 起 用 ， 硬 化 、 绿 化 、 美 化 寺 院 总 投 入 150 余 万 元 。,3,3
这 个 群 体 多 数 是 80 年 代 后 出 生 的 城 市 近 郊 的 人 。,3,3
上 海 海 关 扣 了 老 长 时 间 总 算 到 了 ， 说 实 在 的 双 十 一 的 量 真 把 我 吓 到 了 ， 第 一 次 见 快 递 排 队,5,2
2 搅 打 基 本 成 团 之 后 ， 放 入 黄 油 碎 继 续 搅 打 。,3,3
一 般 地 说 ， 三 角 洲 下 沉 在 于 其 沉 积 物 的 负 载 ， 均 衡 调 整 性 迁 移 ， 松 散 沉 积 物 的 断 裂 塑 性 变 形 起 的 破 坏 及 压 实 作 用 。,3,3
很 多 时 候 ， 回 头 看 看 让 自 己 苦 不 堪 言 的 郁 闷 、 忧 愁 、 纠 结 、 焦 虑 ， 其 实 都 是 自 己 和 自 己 在 较 劲 。,1,1
又 做 了 挫 事 ， 用 自 己 的 流 量 看 了 一 集 电 视 ， 流 量 严 重 超 出 ， 我 真 的 是 猪 啊 。 。 。 。 。 。,0,1
自 从 湛 江 开 通 直 飞 航 班 之 后 ， 每 天 天 空 就 多 这 道 美 景 ， 飞 机 每 天 都 在 湛 蓝 的 天 空 上 忙 碌 的 飞 行 着 ，,4,4
那 星 闻 君 百 科 君 的 投 票 ， 一 个 多 小 时 前 ， 有 些 人 比 我 们 还 少 几 百 票 ， 现 在 我 们 才 涨 到 1000 多 票 他 却 一 万 多 票 了,5,5
就 知 道 肯 定 是 我 脑 洞 又 开 了 不 对 脑 洞 开 了 从 来 就 没 有 关 过 好 吗 我 知 道 了 知 道 了 没 事 了 找 帅 哥 而 已 关 我 个 毛 线 事 啊,0,0
孟 德 就 把 事 情 的 经 过 全 部 对 他 说 了 ， 宋 孝 孙 就 把 他 看 作 是 自 首 ， 并 将 其 安 置 在 秦 州 。,3,3
这 是 什 么 鬼 ？ ！ 走 错 电 影 院 了 不 过 电 影 还 是 精 彩 的 ， 虽 然 错 过 了 前 面 的 半 个 小 时 ， 还 是 给 影 片 给 自 己 点 个 赞,5,4
试 一 试 ， 发 一 发 微 博 ， 见 笑 ！,3,4
太 可 怕 了 ， 我 在 弹 阳 关 三 叠 的 历 苦 辛 ， 然 后 我 妈 直 接 来 了 句 mi - do - re ， 我 翻 回 去 看 了 看 简 谱 还 真 是 ， 小 心 脏 简 直 受 到 了 惊 吓 ， 这 是 降 b 调 啊 我 妈 居 然 听 得 出 来 ？ ！,5,2
早 ～ 外 面 的 雨 好 恐 怖 ， 很 多 地 方 估 计 都 被 淹 了 。 我 还 是 老 老 实 实 宅 在 家 里 ， 要 是 出 去 的 话 真 有 点 担 心 自 己 会 被 大 水 冲 走 。 祝 大 家 平 安,2,2
是 不 是 我 为 自 己 说 的 话 付 出 了 代 价 啊 ？ 为 什 么 这 几 天 老 是 害 怕 睡 觉 啊 ？ 一 睡 觉 就 是 满 脑 子 恐 怖 [ 惊 恐 ] 的 画 面 啊 ？ 还 有 特 别 想 哭 的 冲 突 ？ 本 来 想 着 成 为 国 家 一 级 逃 犯 ， 现 在 这 点 事 情 都 快 吓 死 我 了 ， 成 为 一 个 逃 犯 必 须 具 备 : 坚 强 ， 勇 敢 ， 不 畏 惧 生 死 ， 敢 于 拼 搏 ， 还 有 舍 弃 一 些 其 他 东 西 比 如,2,2
由 专 用 的 数 字 自 动 控 制 装 置 、 保 护 装 置 、 数 字 接 口 电 路 和 真 空 断 路 器 、 两 组 专 用 交 流 接 触 器 等 电 器 元 件 组 成 。,3,3
刚 看 了 滚 蛋 吧 ， 肿 瘤 君 ， 哭 的 稀 里 哗 啦 的,1,1
也 没 啥 就 觉 得 自 己 最 近 特 倒 霉 就 像 要 500 修 个 电 脑,1,1
给 自 己 送 上 一 个 大 大 的 祝 福 ， 也 谢 谢 大 家 的 祝 福 ， 又 老 了 一 岁 ， 生 日 快 乐,4,4
明 年 去 澳 洲 的 机 票 ， 2000 块 ， 双 11 已 经 用 信 用 卡 支 付 了 ， 可 是 还 不 上 就 不 是 吃 土 的 问 题 了,2,1
我 竟 然 做 了 五 十 个 抬 腿 10 个 仰 卧 起 坐 就 这 么 起 床 了,5,4
别 人 要 怎 样 那 是 自 己 的 事 情 ， 管 别 人 那 么 多 事 干 嘛 真 是 烦,0,0
泡 沫 包 装 厂 已 成 为 青 岛 澳 珂 玛 集 团 、 海 尔 集 团 的 定 点 协 作 厂 家 。,3,3
注 意 力 不 集 中 ， 控 制 不 了 自 己 好 想 跟 闺 蜜 出 去 兜 兜 ， 不 想 一 个 人 待 着 胡 思 乱 想,1,1
眼 睛 近 视 ， 做 激 光 矫 正 手 术 吗 百 度 一 查 ， [ 流 汗 ] 眼 科 医 生 自 己 都 不 做 ， 太 恐 怖 了 [ 惊 恐 ] 你 愿 意 让 你 的 孩 子 遭 这 样 的 罪 吗 [ 眼 泪 ] 试 试 三 中 睛 吧 ， 不 仅 可 以 彻 底 改 善 视 力 ， 还 不 会 有 副 作 用 ， 美 国 fad 认 证 产 品 ， 安 全 可 靠 ， 我 自 己 也 天 天 喝 [ 咖 啡 ] ， 每 天 受 益 者 反 馈 也 不 断 ， 真 的 每 天 都,2,2
在 网 上 营 业 厅 查 询 话 费 ， 才 发 现 我 和 老 李 的 手 机 号 已 经 用 了 8 年 多,5,5
我 很 怕 蟑 螂 我 想 起 来 都 会 发 麻 打 冷 颤 我 很 恶 心 蟑 螂 所 以 我 很 怕 我 害 怕 它 在 我 站 着 不 动 时 爬 上 没 穿 长 裤 的 腿 我 害 怕 我 手 碰 到 的 地 方 它 爬 过 我 害 怕 我 打 赤 脚 的 地 方 它 来 过 我 害 怕 它 侵 占 我 的 房 子 我 害 怕 不 要 和 我 讲 有 什 么 好 怕 不 要 问 我 为 什 么 这 点 小 东 西 都 怕 你 可 以 觉 得 我 大 惊 小 怪 浮 夸 做 作 但 是 我,2,2
