Dataset,N,Method,Seed,Macro-F1,Weighted-F1,Accuracy,Balanced_Acc,G-Mean,AUC,Train_Time_Sec,Inference_Time_Sec,Peak_Memory_MB,Params_M,F1_Class_0,F1_Class_1,F1_Class_2,Eval-Split
TweetEval,1000,DoRA-Balanced,45,0.7321547607339168,0.7321547607339169,0.7333333333333333,0.7333333333333334,0.723042679252569,0.8966,76.73467469215393,0.47873353958129883,2277.2568359375,0.914691,0.7627118644067796,0.6382978723404256,0.7954545454545454,bestparams_rerun
TweetEval,1000,Full-FineTuning,45,0.7555978489270064,0.7555978489270064,0.7533333333333333,0.7533333333333333,0.7529166428893402,0.8782,87.98905825614929,0.22814679145812988,3078.5234375,124.647939,0.7572815533980582,0.6923076923076923,0.8172043010752689,bestparams_rerun
TweetEval,1000,LoRA-Ablation-NoHSP,45,0.6943893365329251,0.6943893365329251,0.6866666666666666,0.6866666666666666,0.6847191915594482,0.8779333333333333,94.48589706420898,0.45723748207092285,1884.77197265625,1.576067,0.7021276595744681,0.628099173553719,0.7529411764705882,bestparams_rerun
TweetEval,1000,LoRA-Ablation-NoMem,45,0.7160971887517885,0.7160971887517885,0.7133333333333334,0.7133333333333333,0.7113365026271483,0.8798,74.61479210853577,0.33742618560791016,1945.60498046875,6.20468,0.7102803738317757,0.6336633663366337,0.8043478260869565,bestparams_rerun
TweetEval,1000,LoRA-Balanced,45,0.7144525303918092,0.7144525303918092,0.72,0.7200000000000001,0.6982268045639496,0.8944666666666666,54.620741844177246,0.3209378719329834,1876.1953125,0.887043,0.7419354838709677,0.5882352941176471,0.8131868131868132,bestparams_rerun
TweetEval,1000,LoRA-Focal,45,0.6847906642331729,0.6847906642331729,0.7,0.7000000000000001,0.6646865690874645,0.8593333333333333,62.72324776649475,0.33425211906433105,1876.19580078125,0.887043,0.7666666666666667,0.5121951219512195,0.7755102040816326,bestparams_rerun
TweetEval,1000,LoRA-LDAM,45,0.7166743299716969,0.7166743299716969,0.7133333333333334,0.7133333333333334,0.710999056417769,0.8860666666666667,72.32065081596375,0.32169461250305176,1876.19580078125,0.887043,0.7128712871287128,0.6842105263157895,0.7529411764705882,bestparams_rerun
TweetEval,1000,LoRA-LogitAdj,45,0.699081230660178,0.699081230660178,0.7,0.7000000000000001,0.68928442233426,0.8837333333333333,63.01291370391846,0.33547425270080566,1876.19580078125,0.887043,0.7350427350427351,0.5894736842105263,0.7727272727272727,bestparams_rerun
TweetEval,1000,LoRA-Ours,45,0.713962925606269,0.713962925606269,0.7133333333333334,0.7133333333333333,0.7082028210138239,0.8786,97.7816047668457,0.47701549530029297,1957.81005859375,6.893704,0.7339449541284404,0.6122448979591837,0.7956989247311828,bestparams_rerun
TweetEval,1000,LoRA-Vanilla,45,0.7050425818018825,0.7050425818018825,0.7,0.7000000000000001,0.6992372644463477,0.8839333333333332,71.39476227760315,0.3722951412200928,1876.19482421875,0.887043,0.7216494845360825,0.6434782608695652,0.75,bestparams_rerun
TweetEval,1000,DoRA-Balanced,123,0.706984762540318,0.7069847625403181,0.72,0.7200000000000001,0.6926468385809275,0.8676666666666667,92.56135654449463,0.49166035652160645,2670.32421875,0.914691,0.7962962962962963,0.5679012345679012,0.7567567567567568,bestparams_rerun
TweetEval,1000,Full-FineTuning,123,0.686940122583687,0.686940122583687,0.6866666666666666,0.6866666666666665,0.6858095105850717,0.8454,68.411700963974,0.2535567283630371,3452.6689453125,124.647939,0.7128712871287128,0.6336633663366337,0.7142857142857143,bestparams_rerun
TweetEval,1000,LoRA-Ablation-NoHSP,123,0.7134930673950638,0.7134930673950638,0.72,0.7200000000000001,0.704515032899538,0.8674,69.23799872398376,0.531470537185669,2183.18310546875,1.576067,0.8245614035087719,0.6262626262626263,0.6896551724137931,bestparams_rerun
TweetEval,1000,LoRA-Ablation-NoMem,123,0.7434655186352979,0.743465518635298,0.7466666666666667,0.7466666666666667,0.7378853678784599,0.8812000000000001,61.98885893821716,0.3421316146850586,2239.81005859375,6.20468,0.8035714285714286,0.6526315789473685,0.7741935483870968,bestparams_rerun
TweetEval,1000,LoRA-Balanced,123,0.7028724171581314,0.7028724171581314,0.7,0.7000000000000001,0.6994172019901748,0.8558666666666667,73.30481147766113,0.3267507553100586,2177.8251953125,0.887043,0.7346938775510204,0.6486486486486487,0.7252747252747253,bestparams_rerun
TweetEval,1000,LoRA-Focal,123,0.6538667107474447,0.6538667107474447,0.66,0.66,0.6397915988130094,0.8337333333333333,71.45583271980286,0.31642580032348633,2177.82568359375,0.887043,0.7927927927927928,0.5688073394495413,0.6,bestparams_rerun
TweetEval,1000,LoRA-LDAM,123,0.7118780433620934,0.7118780433620934,0.7133333333333334,0.7133333333333333,0.7075642247964441,0.874,74.71669459342957,0.31659841537475586,2177.82568359375,0.887043,0.7272727272727273,0.6122448979591837,0.7961165048543689,bestparams_rerun
TweetEval,1000,LoRA-LogitAdj,123,0.755482986615062,0.755482986615062,0.76,0.7599999999999999,0.7507370532105887,0.8828,72.34753727912903,0.3152477741241455,2177.82568359375,0.887043,0.7884615384615384,0.6666666666666666,0.8113207547169812,bestparams_rerun
TweetEval,1000,LoRA-Ours,123,0.7514472342936852,0.7514472342936852,0.7533333333333333,0.7533333333333333,0.7478778528372159,0.8800666666666667,88.78923273086548,0.39050960540771484,2249.5380859375,6.893704,0.7889908256880734,0.6736842105263158,0.7916666666666666,bestparams_rerun
TweetEval,1000,LoRA-Vanilla,123,0.6988444930973667,0.6988444930973666,0.7,0.7000000000000001,0.6942107563331918,0.8759333333333333,51.22151303291321,0.32117247581481934,2177.82470703125,0.887043,0.7592592592592593,0.6476190476190476,0.6896551724137931,bestparams_rerun
TweetEval,1000,DoRA-Balanced,789,0.7704402958693796,0.7704402958693796,0.7733333333333333,0.7733333333333334,0.7671259587783239,0.9208,92.18613815307617,0.5416133403778076,2739.5087890625,0.914691,0.8256880733944955,0.7021276595744681,0.7835051546391752,bestparams_rerun
TweetEval,1000,Full-FineTuning,789,0.7210149134220799,0.72101491342208,0.72,0.7200000000000001,0.7183294603550255,0.8917333333333333,80.19127917289734,0.22233867645263672,3474.53369140625,124.647939,0.78,0.6407766990291263,0.7422680412371134,bestparams_rerun
TweetEval,1000,LoRA-Ablation-NoHSP,789,0.7672060409924488,0.7672060409924487,0.7733333333333333,0.7733333333333333,0.759981532330564,0.9168666666666666,78.99841904640198,0.5290939807891846,2224.38330078125,1.576067,0.8,0.6666666666666666,0.8349514563106796,bestparams_rerun
TweetEval,1000,LoRA-Ablation-NoMem,789,0.7245839886289325,0.7245839886289325,0.7266666666666667,0.7266666666666667,0.7190109877660545,0.9003333333333333,63.95980739593506,0.34185051918029785,2276.96337890625,6.20468,0.7857142857142857,0.6464646464646465,0.7415730337078652,bestparams_rerun
TweetEval,1000,LoRA-Balanced,789,0.7569307885097359,0.7569307885097358,0.76,0.7600000000000001,0.75130439675031,0.9217333333333334,61.6370370388031,0.31540989875793457,2215.087890625,0.887043,0.7894736842105263,0.6813186813186813,0.8,bestparams_rerun
TweetEval,1000,LoRA-Focal,789,0.7333414313189595,0.7333414313189593,0.74,0.7399999999999999,0.7262420248106382,0.8886,67.12433004379272,0.49229860305786133,2215.08837890625,0.887043,0.8108108108108109,0.6292134831460674,0.76,bestparams_rerun
TweetEval,1000,LoRA-LDAM,789,0.752756295159473,0.7527562951594728,0.7533333333333333,0.7533333333333333,0.7504814686289175,0.9071333333333333,66.1667845249176,0.3281280994415283,2212.27587890625,0.887043,0.7924528301886793,0.6868686868686869,0.7789473684210526,bestparams_rerun
TweetEval,1000,LoRA-LogitAdj,789,0.7240373902883074,0.7240373902883074,0.7266666666666667,0.7266666666666666,0.7153194327985851,0.8952,58.57766270637512,0.31999993324279785,2215.08837890625,0.887043,0.7413793103448276,0.6222222222222222,0.8085106382978723,bestparams_rerun
TweetEval,1000,LoRA-Ours,789,0.7947222068535903,0.7947222068535902,0.8,0.7999999999999999,0.7850559144452615,0.9199999999999999,67.5139536857605,0.38692712783813477,2290.97412109375,6.893704,0.8205128205128205,0.6976744186046512,0.865979381443299,bestparams_rerun
TweetEval,1000,LoRA-Vanilla,789,0.7218803366777923,0.7218803366777923,0.72,0.7200000000000001,0.7175223479221335,0.8873333333333333,66.41094470024109,0.32620954513549805,2215.08740234375,0.887043,0.7572815533980582,0.6727272727272727,0.735632183908046,bestparams_rerun
TweetEval,1000,DoRA-Balanced,1001,0.7158234260004172,0.715823426000417,0.72,0.7200000000000001,0.7094765698392219,0.9048666666666666,69.23476314544678,0.4853849411010742,2368.81005859375,0.914691,0.7964601769911505,0.6464646464646465,0.7045454545454546,bestparams_rerun
TweetEval,1000,Full-FineTuning,1001,0.7247869204396168,0.7247869204396168,0.7266666666666667,0.7266666666666666,0.7207399799658265,0.9024000000000001,65.56799221038818,0.23453450202941895,3136.64501953125,124.647939,0.7920792079207921,0.625,0.7572815533980582,bestparams_rerun
TweetEval,1000,LoRA-Ablation-NoHSP,1001,0.791288358352927,0.7912883583529271,0.7933333333333333,0.7933333333333333,0.7881589345045219,0.9258000000000001,95.91153979301453,0.376711368560791,1942.1064453125,1.576067,0.8333333333333334,0.7157894736842105,0.8247422680412371,bestparams_rerun
TweetEval,1000,LoRA-Ablation-NoMem,1001,0.7303810022699494,0.7303810022699493,0.7266666666666667,0.7266666666666667,0.7173306507855933,0.9043999999999999,74.58618450164795,0.32620882987976074,2001.064453125,6.20468,0.8043478260869565,0.688,0.6987951807228916,bestparams_rerun
TweetEval,1000,LoRA-Balanced,1001,0.7603804312422643,0.7603804312422644,0.7666666666666667,0.7666666666666666,0.750765440757058,0.9049999999999999,51.3130156993866,0.3215036392211914,1934.48291015625,0.887043,0.8067226890756303,0.6744186046511628,0.8,bestparams_rerun
TweetEval,1000,LoRA-Focal,1001,0.6836763865065753,0.6836763865065753,0.6933333333333334,0.6933333333333334,0.6707395116742926,0.8799333333333333,73.83757638931274,0.31642985343933105,1934.4833984375,0.887043,0.7735849056603774,0.5227272727272727,0.7547169811320755,bestparams_rerun
TweetEval,1000,LoRA-LDAM,1001,0.7098806424297365,0.7098806424297364,0.7066666666666667,0.7066666666666667,0.695976922650517,0.8771999999999999,75.3779764175415,0.3214223384857178,1934.4833984375,0.887043,0.7777777777777778,0.6771653543307087,0.6746987951807228,bestparams_rerun
TweetEval,1000,LoRA-LogitAdj,1001,0.7403618839789052,0.7403618839789051,0.74,0.7399999999999999,0.737709009036208,0.9079333333333333,71.69003868103027,0.32055115699768066,1934.4833984375,0.887043,0.7884615384615384,0.6666666666666666,0.7659574468085106,bestparams_rerun
TweetEval,1000,LoRA-Ours,1001,0.742249343164675,0.742249343164675,0.7466666666666667,0.7466666666666667,0.7335995360462795,0.9199999999999999,70.07820057868958,0.3839409351348877,2013.11328125,6.893704,0.8173913043478261,0.631578947368421,0.7777777777777778,bestparams_rerun
TweetEval,1000,LoRA-Vanilla,1001,0.6927730684556312,0.6927730684556312,0.6866666666666666,0.6866666666666666,0.6740425382668287,0.8966,74.22559332847595,0.31938767433166504,1934.482421875,0.887043,0.7142857142857143,0.6567164179104478,0.7073170731707317,bestparams_rerun
TweetEval,1000,DoRA-Balanced,2024,0.7455234062573513,0.7455234062573513,0.7466666666666667,0.7466666666666667,0.7408123535702676,0.8997333333333333,90.21555519104004,0.4847731590270996,2445.20458984375,0.914691,0.8073394495412844,0.66,0.7692307692307693,bestparams_rerun
TweetEval,1000,Full-FineTuning,2024,0.7056837575895489,0.7056837575895489,0.72,0.7200000000000001,0.6872353140875739,0.8875333333333333,66.6925253868103,0.21474289894104004,3212.01513671875,124.647939,0.8099173553719008,0.5411764705882353,0.7659574468085106,bestparams_rerun
TweetEval,1000,LoRA-Ablation-NoHSP,2024,0.6872560205370605,0.6872560205370604,0.7,0.6999999999999998,0.6714204659609153,0.8828666666666667,70.74894714355469,0.5004956722259521,2012.8291015625,1.576067,0.8173913043478261,0.5227272727272727,0.7216494845360825,bestparams_rerun
TweetEval,1000,LoRA-Ablation-NoMem,2024,0.7143376068376068,0.7143376068376068,0.7133333333333334,0.7133333333333333,0.7125360605530653,0.8709333333333333,72.02290344238281,0.3360257148742676,2070.32568359375,6.20468,0.76,0.6538461538461539,0.7291666666666666,bestparams_rerun
TweetEval,1000,LoRA-Balanced,2024,0.7377616575397671,0.7377616575397671,0.74,0.7400000000000001,0.730988839459246,0.8996000000000001,62.522804498672485,0.3250572681427002,2004.33056640625,0.887043,0.8256880733944955,0.6666666666666666,0.7209302325581395,bestparams_rerun
TweetEval,1000,LoRA-Focal,2024,0.7428015155197497,0.7428015155197497,0.7466666666666667,0.7466666666666667,0.7375913896131309,0.8689333333333332,75.5620813369751,0.32124972343444824,2004.3310546875,0.887043,0.822429906542056,0.6382978723404256,0.7676767676767676,bestparams_rerun
TweetEval,1000,LoRA-LDAM,2024,0.6650413356219529,0.6650413356219529,0.6666666666666666,0.6666666666666666,0.6577332708029638,0.8721333333333333,71.0548632144928,0.3079233169555664,2004.3310546875,0.887043,0.7238095238095238,0.6371681415929203,0.6341463414634146,bestparams_rerun
TweetEval,1000,LoRA-LogitAdj,2024,0.7036463739490012,0.7036463739490011,0.7066666666666667,0.7066666666666667,0.6973943948405437,0.8889333333333335,74.13143515586853,0.31234264373779297,2004.3310546875,0.887043,0.7818181818181819,0.5979381443298969,0.7311827956989247,bestparams_rerun
TweetEval,1000,LoRA-Ours,2024,0.7529304029304029,0.7529304029304029,0.7533333333333333,0.7533333333333334,0.7504814686289175,0.8816,106.28997302055359,0.38350415229797363,2080.81201171875,6.893704,0.8,0.7115384615384616,0.7472527472527473,bestparams_rerun
TweetEval,1000,LoRA-Vanilla,2024,0.720463379705401,0.720463379705401,0.72,0.7200000000000001,0.7046761754103955,0.8992666666666667,73.94950079917908,0.3065989017486572,2004.330078125,0.887043,0.7659574468085106,0.703125,0.6923076923076923,bestparams_rerun
TweetEval,2000,DoRA-Balanced,45,0.6751230751379933,0.6751230751379933,0.68,0.68,0.6603854497789253,0.8856666666666667,81.31637644767761,0.6010525226593018,2742.951171875,0.914691,0.7377049180327869,0.5434782608695652,0.7441860465116279,bestparams_rerun
TweetEval,2000,Full-FineTuning,45,0.7637999066570496,0.7637999066570496,0.76,0.7600000000000001,0.7598245208896296,0.8802666666666666,94.5460684299469,0.22135186195373535,3487.59375,124.647939,0.7755102040816326,0.7027027027027027,0.8131868131868132,bestparams_rerun
TweetEval,2000,LoRA-Ablation-NoHSP,45,0.6993593290585771,0.6993593290585772,0.7066666666666667,0.7066666666666667,0.6888013917469608,0.8816,90.85633444786072,0.3793914318084717,2232.62255859375,1.576067,0.7543859649122807,0.5681818181818182,0.7755102040816326,bestparams_rerun
TweetEval,2000,LoRA-Ablation-NoMem,45,0.711018534319778,0.711018534319778,0.7133333333333334,0.7133333333333334,0.7043538166392413,0.8814000000000001,107.7546637058258,0.3344910144805908,2285.56201171875,6.20468,0.7476635514018691,0.5894736842105263,0.7959183673469388,bestparams_rerun
TweetEval,2000,LoRA-Balanced,45,0.7017305097041282,0.7017305097041283,0.7,0.6999999999999998,0.6961970640293133,0.8812000000000001,106.58324074745178,0.3256247043609619,2225.2646484375,0.887043,0.6972477064220184,0.6122448979591837,0.7956989247311828,bestparams_rerun
TweetEval,2000,LoRA-Focal,45,0.6735835015286344,0.6735835015286344,0.6933333333333334,0.6933333333333334,0.6475028448069484,0.8569333333333334,98.57639241218567,0.3177835941314697,2225.26513671875,0.887043,0.7642276422764228,0.4810126582278481,0.7755102040816326,bestparams_rerun
TweetEval,2000,LoRA-LDAM,45,0.7227821950801664,0.7227821950801665,0.72,0.7200000000000001,0.7183294603550257,0.8915333333333333,108.56878900527954,0.31973981857299805,2225.26513671875,0.887043,0.7096774193548387,0.6545454545454545,0.8041237113402062,bestparams_rerun
TweetEval,2000,LoRA-LogitAdj,45,0.7057422159946153,0.7057422159946153,0.7066666666666667,0.7066666666666667,0.700951088126235,0.8900666666666665,65.70797562599182,0.5039722919464111,2225.26513671875,0.887043,0.7522935779816514,0.6122448979591837,0.7526881720430108,bestparams_rerun
TweetEval,2000,LoRA-Ours,45,0.6978182951534985,0.6978182951534986,0.7,0.6999999999999998,0.6905393808125316,0.8804666666666666,121.32444739341736,0.39554286003112793,2297.26025390625,6.893704,0.7304347826086957,0.6021505376344086,0.7608695652173914,bestparams_rerun
TweetEval,2000,LoRA-Vanilla,45,0.6948727317502764,0.6948727317502764,0.6933333333333334,0.6933333333333334,0.6902372635007549,0.8866666666666667,114.65874028205872,0.3155553340911865,2225.26416015625,0.887043,0.7572815533980582,0.5961538461538461,0.7311827956989247,bestparams_rerun
TweetEval,2000,DoRA-Balanced,123,0.7295328142380423,0.7295328142380423,0.7333333333333333,0.7333333333333334,0.7183811365030216,0.8921999999999999,70.26223850250244,0.4878354072570801,2750.0576171875,0.914691,0.7833333333333333,0.6236559139784946,0.7816091954022989,bestparams_rerun
TweetEval,2000,Full-FineTuning,123,0.7231583231583231,0.7231583231583233,0.72,0.7200000000000001,0.7192584958708934,0.8706,113.07067465782166,0.21386432647705078,3493.52099609375,124.647939,0.7676767676767676,0.6545454545454545,0.7472527472527473,bestparams_rerun
TweetEval,2000,LoRA-Ablation-NoHSP,123,0.7106251129861558,0.7106251129861557,0.7333333333333333,0.7333333333333333,0.6858095105850717,0.8795333333333334,59.53828406333923,0.5135953426361084,2235.90087890625,1.576067,0.8205128205128205,0.5263157894736842,0.7850467289719626,bestparams_rerun
TweetEval,2000,LoRA-Ablation-NoMem,123,0.7069854324571306,0.7069854324571306,0.7133333333333334,0.7133333333333333,0.6987187447017248,0.8837333333333334,76.4695029258728,0.3406407833099365,2290.99658203125,6.20468,0.7884615384615384,0.5777777777777777,0.7547169811320755,bestparams_rerun
TweetEval,2000,LoRA-Balanced,123,0.7141706924315621,0.7141706924315621,0.72,0.7200000000000001,0.7032232307203928,0.9052000000000001,52.78938388824463,0.3292696475982666,2227.26171875,0.887043,0.7863247863247863,0.5869565217391305,0.7692307692307693,bestparams_rerun
TweetEval,2000,LoRA-Focal,123,0.6809412943714214,0.6809412943714214,0.6933333333333334,0.6933333333333334,0.6666244417700881,0.8347333333333333,98.66254329681396,0.3537254333496094,2227.26220703125,0.887043,0.8070175438596491,0.5287356321839081,0.7070707070707071,bestparams_rerun
TweetEval,2000,LoRA-LDAM,123,0.7160559154172876,0.7160559154172875,0.7133333333333334,0.7133333333333334,0.7121366568479931,0.8730666666666668,89.75880813598633,0.44487500190734863,2227.26220703125,0.887043,0.7422680412371134,0.672566371681416,0.7333333333333333,bestparams_rerun
TweetEval,2000,LoRA-LogitAdj,123,0.7017965857215956,0.7017965857215956,0.7066666666666667,0.7066666666666667,0.692846881000304,0.8659333333333333,108.62800025939941,0.3265228271484375,2227.26220703125,0.887043,0.7522935779816514,0.5652173913043478,0.7878787878787878,bestparams_rerun
TweetEval,2000,LoRA-Ours,123,0.7264062883812331,0.7264062883812331,0.7333333333333333,0.7333333333333334,0.7149648702318924,0.8906666666666666,91.21669721603394,0.46203160285949707,2300.1650390625,6.893704,0.7966101694915254,0.6,0.782608695652174,bestparams_rerun
TweetEval,2000,LoRA-Vanilla,123,0.7433739396181109,0.7433739396181109,0.74,0.7399999999999999,0.7392785761939025,0.908,78.13944506645203,0.3156735897064209,2227.26123046875,0.887043,0.7647058823529411,0.6788990825688074,0.7865168539325843,bestparams_rerun
TweetEval,2000,DoRA-Balanced,789,0.7518623486777427,0.7518623486777427,0.76,0.7599999999999999,0.7413076465172295,0.9104666666666666,87.30293607711792,0.6344056129455566,2735.5400390625,0.914691,0.7931034482758621,0.6506024096385542,0.8118811881188119,bestparams_rerun
TweetEval,2000,Full-FineTuning,789,0.7077847077847078,0.7077847077847078,0.7066666666666667,0.7066666666666667,0.6970542880276446,0.8977333333333334,99.21896433830261,0.23895835876464844,3471.79931640625,124.647939,0.7567567567567568,0.6486486486486487,0.717948717948718,bestparams_rerun
TweetEval,2000,LoRA-Ablation-NoHSP,789,0.7245660916098425,0.7245660916098425,0.7333333333333333,0.7333333333333334,0.710999056417769,0.9050666666666668,109.9449052810669,0.665902853012085,2224.50830078125,1.576067,0.7933884297520661,0.5977011494252874,0.782608695652174,bestparams_rerun
TweetEval,2000,LoRA-Ablation-NoMem,789,0.7011523907808738,0.7011523907808737,0.7133333333333334,0.7133333333333333,0.6839732784837003,0.8923999999999999,88.14132165908813,0.33076024055480957,2275.68212890625,6.20468,0.7833333333333333,0.5411764705882353,0.7789473684210526,bestparams_rerun
TweetEval,2000,LoRA-Balanced,789,0.7650771388499299,0.76507713884993,0.7666666666666667,0.7666666666666666,0.7578378063962025,0.9179333333333334,68.7242443561554,0.47910523414611816,2215.806640625,0.887043,0.782608695652174,0.6739130434782609,0.8387096774193549,bestparams_rerun
TweetEval,2000,LoRA-Focal,789,0.6940154204574536,0.6940154204574536,0.7133333333333334,0.7133333333333334,0.6707395116742926,0.874,91.26051592826843,0.39351391792297363,2215.80712890625,0.887043,0.773109243697479,0.5128205128205128,0.7961165048543689,bestparams_rerun
TweetEval,2000,LoRA-LDAM,789,0.7345322618926525,0.7345322618926525,0.7333333333333333,0.7333333333333334,0.7300644216619148,0.9133999999999999,72.9405689239502,0.3205249309539795,2215.80712890625,0.887043,0.76,0.7079646017699115,0.735632183908046,bestparams_rerun
TweetEval,2000,LoRA-LogitAdj,789,0.7336199995363154,0.7336199995363154,0.7333333333333333,0.7333333333333334,0.7262015746587882,0.8998666666666666,115.87026405334473,0.3150184154510498,2215.80712890625,0.887043,0.7787610619469026,0.6601941747572816,0.7619047619047619,bestparams_rerun
TweetEval,2000,LoRA-Ours,789,0.7541554519529624,0.7541554519529622,0.7533333333333333,0.7533333333333333,0.751446098827746,0.9128666666666666,81.78096556663513,0.6149005889892578,2288.06787109375,6.893704,0.7766990291262136,0.6732673267326733,0.8125,bestparams_rerun
TweetEval,2000,LoRA-Vanilla,789,0.7171234523380213,0.7171234523380214,0.7133333333333334,0.7133333333333334,0.7107457613993912,0.8883333333333333,104.86422061920166,0.38744235038757324,2215.80615234375,0.887043,0.723404255319149,0.6779661016949152,0.75,bestparams_rerun
TweetEval,2000,DoRA-Balanced,1001,0.7433484504913076,0.7433484504913076,0.7466666666666667,0.7466666666666667,0.737042002335239,0.9095333333333334,129.1061713695526,0.4806547164916992,2533.12451171875,0.914691,0.8214285714285714,0.6530612244897959,0.7555555555555555,bestparams_rerun
TweetEval,2000,Full-FineTuning,1001,0.8186728395061729,0.8186728395061729,0.82,0.82,0.815914639283062,0.9268666666666666,86.81070232391357,0.21757078170776367,3293.09912109375,124.647939,0.8518518518518519,0.75,0.8541666666666666,bestparams_rerun
TweetEval,2000,LoRA-Ablation-NoHSP,1001,0.7443119469367233,0.7443119469367232,0.7466666666666667,0.7466666666666666,0.7389124516410572,0.9092666666666666,151.9466953277588,0.44838619232177734,2079.7802734375,1.576067,0.7663551401869159,0.6382978723404256,0.8282828282828283,bestparams_rerun
TweetEval,2000,LoRA-Ablation-NoMem,1001,0.7512698891233711,0.7512698891233712,0.7533333333333333,0.7533333333333333,0.746382580418723,0.9096000000000001,64.01352286338806,0.3416252136230469,2136.27001953125,6.20468,0.8411214953271028,0.66,0.7526881720430108,bestparams_rerun
TweetEval,2000,LoRA-Balanced,1001,0.715301171017893,0.715301171017893,0.7133333333333334,0.7133333333333334,0.7107457613993912,0.8952,117.55746555328369,0.33080363273620605,2070.15673828125,0.887043,0.7920792079207921,0.6226415094339622,0.7311827956989247,bestparams_rerun
TweetEval,2000,LoRA-Focal,1001,0.7353924025750652,0.7353924025750651,0.7466666666666667,0.7466666666666666,0.7225322359630707,0.8769333333333332,108.56517004966736,0.47213101387023926,2070.1572265625,0.887043,0.8070175438596491,0.5952380952380952,0.803921568627451,bestparams_rerun
TweetEval,2000,LoRA-LDAM,1001,0.7567655059811044,0.7567655059811044,0.7533333333333333,0.7533333333333333,0.7522009422271212,0.9087333333333333,129.3714029788971,0.31272435188293457,2070.1572265625,0.887043,0.8247422680412371,0.6846846846846847,0.7608695652173914,bestparams_rerun
TweetEval,2000,LoRA-LogitAdj,1001,0.7751184595221293,0.7751184595221292,0.78,0.7799999999999999,0.7698802309921049,0.9094666666666668,96.16637325286865,0.32927942276000977,2070.1572265625,0.887043,0.8440366972477065,0.6813186813186813,0.8,bestparams_rerun
TweetEval,2000,LoRA-Ours,1001,0.7560189710727344,0.7560189710727345,0.76,0.7600000000000001,0.7503109821467614,0.9116666666666666,121.97984290122986,0.6037383079528809,2147.00634765625,6.893704,0.8148148148148148,0.6451612903225806,0.8080808080808081,bestparams_rerun
TweetEval,2000,LoRA-Vanilla,1001,0.7424501114017245,0.7424501114017243,0.7466666666666667,0.7466666666666667,0.7363639504324035,0.9077999999999999,59.0769317150116,0.3198394775390625,2070.15625,0.887043,0.8288288288288288,0.6458333333333334,0.7526881720430108,bestparams_rerun
TweetEval,2000,DoRA-Balanced,2024,0.6775286769633858,0.6775286769633859,0.6866666666666666,0.6866666666666666,0.6629740288467684,0.8854000000000001,104.44237041473389,0.4816296100616455,2443.76708984375,0.914691,0.7704918032786885,0.5494505494505495,0.7126436781609196,bestparams_rerun
TweetEval,2000,Full-FineTuning,2024,0.7031539273758624,0.7031539273758624,0.7066666666666667,0.7066666666666667,0.6928802101749274,0.8917999999999999,94.84598183631897,0.20911884307861328,3207.20263671875,124.647939,0.7964601769911505,0.5714285714285714,0.7415730337078652,bestparams_rerun
TweetEval,2000,LoRA-Ablation-NoHSP,2024,0.7202547976132881,0.7202547976132883,0.72,0.7200000000000001,0.7166199596986793,0.8931333333333334,131.52364420890808,0.5347387790679932,1997.9541015625,1.576067,0.7735849056603774,0.6538461538461539,0.7333333333333333,bestparams_rerun
TweetEval,2000,LoRA-Ablation-NoMem,2024,0.7084953661018569,0.7084953661018569,0.72,0.7200000000000001,0.694940387896382,0.8993333333333333,62.64671540260315,0.3483264446258545,2054.77880859375,6.20468,0.7931034482758621,0.5647058823529412,0.7676767676767676,bestparams_rerun
TweetEval,2000,LoRA-Balanced,2024,0.7370600414078675,0.7370600414078675,0.74,0.7399999999999999,0.7298642394688081,0.9001333333333333,76.23484706878662,0.3185126781463623,1988.48681640625,0.887043,0.8035714285714286,0.625,0.782608695652174,bestparams_rerun
TweetEval,2000,LoRA-Focal,2024,0.652576336572406,0.652576336572406,0.6866666666666666,0.6866666666666666,0.6109114744289607,0.8697333333333334,62.4061803817749,0.3284940719604492,1988.4873046875,0.887043,0.7751937984496124,0.4225352112676056,0.76,bestparams_rerun
TweetEval,2000,LoRA-LDAM,2024,0.6914119601099177,0.6914119601099176,0.6933333333333334,0.6933333333333334,0.6809789820600887,0.8786666666666667,90.4390082359314,0.3281595706939697,1988.4873046875,0.887043,0.7610619469026548,0.6296296296296297,0.6835443037974683,bestparams_rerun
TweetEval,2000,LoRA-LogitAdj,2024,0.7064248478397337,0.7064248478397336,0.7133333333333334,0.7133333333333334,0.697975100575101,0.8866666666666667,74.39543867111206,0.32938671112060547,1988.4873046875,0.887043,0.7796610169491526,0.6222222222222222,0.717391304347826,bestparams_rerun
TweetEval,2000,LoRA-Ours,2024,0.7663327278436052,0.7663327278436053,0.7733333333333333,0.7733333333333334,0.7577681521856634,0.9081999999999999,67.66805267333984,0.5769662857055664,2065.53076171875,6.893704,0.8376068376068376,0.6741573033707865,0.7872340425531915,bestparams_rerun
TweetEval,2000,LoRA-Vanilla,2024,0.6896763245077852,0.6896763245077853,0.6866666666666666,0.6866666666666666,0.6858095105850717,0.8924666666666666,87.43983721733093,0.31398463249206543,1988.486328125,0.887043,0.7070707070707071,0.6428571428571429,0.7191011235955056,bestparams_rerun
