Dataset,N,Method,Seed,Macro-F1,Weighted-F1,Accuracy,Balanced_Acc,G-Mean,AUC,Train_Time_Sec,Inference_Time_Sec,Peak_Memory_MB,Params_M,F1_Class_0,F1_Class_1,F1_Class_2,F1_Class_3,F1_Class_4,F1_Class_5
SMP2020,1000,AHSP-Max+Attn,45,0.7216436072887685,0.7216436072887686,0.72,0.7200000000000001,0.7189643806197282,0.9328000000000002,119.08962988853455,1.0144550800323486,2098.64453125,5.71867,0.66,0.6538461538461539,0.7272727272727273,0.8172043010752689,0.76,0.7115384615384616
SMP2020,1000,AHSP-Max+Mean,45,0.7183045926554157,0.7183045926554158,0.7166666666666667,0.7166666666666667,0.7156887177111387,0.9327066666666667,125.04497218132019,1.1201353073120117,2087.56298828125,5.71867,0.66,0.6538461538461539,0.7272727272727273,0.8172043010752689,0.7524752475247525,0.6990291262135923
SMP2020,1000,AHSP-Mean+Attn,45,0.6931215998407997,0.6931215998407997,0.69,0.69,0.6849392872996934,0.9209200000000001,127.43856453895569,1.1415674686431885,2098.76953125,5.71867,0.6206896551724138,0.631578947368421,0.693069306930693,0.8571428571428571,0.7524752475247525,0.6037735849056604
SMP2020,1000,AHSP-OnlyAttn,45,0.7174892599933874,0.7174892599933874,0.7166666666666667,0.7166666666666667,0.710364630872774,0.9172000000000001,135.666437625885,1.0889225006103516,2075.642578125,4.539022,0.6222222222222222,0.6666666666666666,0.7128712871287128,0.8444444444444444,0.7850467289719626,0.6736842105263158
SMP2020,1000,AHSP-OnlyMax,45,0.7091910473153592,0.7091910473153592,0.71,0.71,0.7049199816849611,0.92488,155.0353605747223,1.0631067752838135,2065.81298828125,4.539022,0.6444444444444445,0.6213592233009708,0.7428571428571429,0.8,0.7454545454545455,0.7010309278350515
SMP2020,1000,AHSP-OnlyMean,45,0.7172356225338202,0.7172356225338202,0.7166666666666667,0.7166666666666667,0.710364630872774,0.9168933333333333,132.90480589866638,1.0774331092834473,2067.62353515625,4.539022,0.6222222222222222,0.6724137931034483,0.7128712871287128,0.8444444444444444,0.7777777777777778,0.6736842105263158
SMP2020,1000,No-AHSP,45,0.6966797448100728,0.6966797448100728,0.6933333333333334,0.6933333333333334,0.6896150279548976,0.9211866666666667,145.45685958862305,1.218839406967163,2033.58984375,1.578374,0.6055045871559633,0.625,0.6981132075471698,0.8314606741573034,0.8,0.62
SMP2020,1000,AHSP-Max+Attn,123,0.6833667517101296,0.6833667517101296,0.6866666666666666,0.6866666666666666,0.6713182679296343,0.9004133333333334,136.93121910095215,1.1484718322753906,2098.771484375,5.71867,0.6788990825688074,0.5454545454545454,0.7450980392156863,0.8387096774193549,0.7241379310344828,0.5679012345679012
SMP2020,1000,AHSP-Max+Mean,123,0.6832619561705311,0.6832619561705312,0.6866666666666666,0.6866666666666666,0.6713182679296343,0.9005466666666666,137.22723984718323,1.1273772716522217,2089.83642578125,5.71867,0.6788990825688074,0.5454545454545454,0.7450980392156863,0.8387096774193549,0.7304347826086957,0.5609756097560976
SMP2020,1000,AHSP-Mean+Attn,123,0.6629254331357207,0.6629254331357208,0.66,0.66,0.6536409897526138,0.8975866666666668,145.8459963798523,1.265390396118164,2101.646484375,5.71867,0.6464646464646465,0.5,0.7326732673267327,0.8297872340425532,0.7,0.5686274509803921
SMP2020,1000,AHSP-OnlyAttn,123,0.6675534184055376,0.6675534184055375,0.6633333333333333,0.6633333333333334,0.6514219723270968,0.9052666666666668,119.95344662666321,1.1025872230529785,2076.58203125,4.539022,0.5977011494252874,0.5606060606060606,0.7155963302752294,0.8387096774193549,0.7472527472527473,0.5454545454545454
SMP2020,1000,AHSP-OnlyMax,123,0.6706517281961907,0.6706517281961907,0.6666666666666666,0.6666666666666666,0.658304317182553,0.9101333333333333,149.47249364852905,1.0916411876678467,2065.21435546875,4.539022,0.6538461538461539,0.5309734513274337,0.7474747474747475,0.8387096774193549,0.7422680412371134,0.5106382978723404
SMP2020,1000,AHSP-OnlyMean,123,0.6838928317039027,0.6838928317039027,0.68,0.68,0.6753251002440561,0.8988933333333332,147.1690936088562,1.1517903804779053,2067.30517578125,4.539022,0.6530612244897959,0.5242718446601942,0.7524752475247525,0.8351648351648352,0.7272727272727273,0.6111111111111112
SMP2020,1000,No-AHSP,123,0.6820798555049702,0.6820798555049701,0.68,0.6799999999999998,0.6745936681695135,0.9121066666666667,111.68461060523987,0.8341648578643799,2035.5771484375,1.578374,0.6262626262626263,0.5918367346938775,0.7368421052631579,0.8478260869565217,0.6956521739130435,0.594059405940594
SMP2020,1000,AHSP-Max+Attn,789,0.6790087298089871,0.679008729808987,0.6766666666666666,0.6766666666666667,0.6700231195059598,0.9058933333333333,139.42628979682922,1.4177470207214355,2098.771484375,5.71867,0.6548672566371682,0.5714285714285714,0.7378640776699029,0.8172043010752689,0.7526881720430108,0.54
SMP2020,1000,AHSP-Max+Mean,789,0.6790087298089871,0.679008729808987,0.6766666666666666,0.6766666666666667,0.6700231195059598,0.9059066666666666,134.06412267684937,1.5513811111450195,2089.75341796875,5.71867,0.6548672566371682,0.5714285714285714,0.7378640776699029,0.8172043010752689,0.7526881720430108,0.54
SMP2020,1000,AHSP-Mean+Attn,789,0.6617942244473639,0.6617942244473638,0.66,0.66,0.6543275426063253,0.90712,125.4017825126648,1.3529937267303467,2101.6416015625,5.71867,0.6534653465346535,0.5531914893617021,0.7254901960784313,0.7956989247311828,0.7058823529411765,0.5370370370370371
SMP2020,1000,AHSP-OnlyAttn,789,0.6825502130676832,0.6825502130676833,0.68,0.68,0.6760264158257755,0.9084666666666665,128.75422430038452,1.615067958831787,2077.5654296875,4.539022,0.6947368421052632,0.5714285714285714,0.7047619047619048,0.8210526315789474,0.7346938775510204,0.5686274509803921
SMP2020,1000,AHSP-OnlyMax,789,0.6787651352018181,0.678765135201818,0.6766666666666666,0.6766666666666666,0.6712787651069091,0.9039066666666665,166.77355766296387,1.9269537925720215,2065.21435546875,4.539022,0.6868686868686869,0.5531914893617021,0.7524752475247525,0.8172043010752689,0.6862745098039216,0.5765765765765766
SMP2020,1000,AHSP-OnlyMean,789,0.6825502130676832,0.6825502130676833,0.68,0.68,0.6760264158257755,0.9081866666666666,151.03109765052795,1.1812360286712646,2067.12353515625,4.539022,0.6947368421052632,0.5714285714285714,0.7047619047619048,0.8210526315789474,0.7346938775510204,0.5686274509803921
SMP2020,1000,No-AHSP,789,0.6902778223915506,0.6902778223915508,0.69,0.69,0.6841973776010949,0.90756,172.3721945285797,2.0173728466033936,2034.46875,1.578374,0.6792452830188679,0.5833333333333334,0.7326732673267327,0.8297872340425532,0.7307692307692307,0.5858585858585859
SMP2020,1000,AHSP-Max+Attn,1001,0.6695636192222837,0.6695636192222836,0.6633333333333333,0.6633333333333334,0.6599352542251561,0.9177200000000001,143.51035356521606,1.0857906341552734,2097.646484375,5.71867,0.5607476635514018,0.5555555555555556,0.6981132075471698,0.8351648351648352,0.7555555555555555,0.6122448979591837
SMP2020,1000,AHSP-Max+Mean,1001,0.6982651414004238,0.6982651414004237,0.6966666666666667,0.6966666666666667,0.6895749398842828,0.9141066666666667,153.35819053649902,1.031282901763916,2087.62548828125,5.71867,0.6542056074766355,0.5777777777777777,0.75,0.8314606741573034,0.7706422018348624,0.6055045871559633
SMP2020,1000,AHSP-Mean+Attn,1001,0.6439368604828276,0.6439368604828275,0.6433333333333333,0.6433333333333334,0.6341819466731711,0.9022399999999999,139.7845277786255,1.087578296661377,2097.6474609375,5.71867,0.5360824742268041,0.5684210526315789,0.7222222222222222,0.8125,0.7010309278350515,0.5233644859813084
SMP2020,1000,AHSP-OnlyAttn,1001,0.6494816140954861,0.649481614095486,0.6466666666666666,0.6466666666666667,0.637253255265726,0.9023866666666667,138.04332613945007,1.0914936065673828,2075.642578125,4.539022,0.54,0.5652173913043478,0.7222222222222222,0.8387096774193549,0.7216494845360825,0.509090909090909
SMP2020,1000,AHSP-OnlyMax,1001,0.6808712444592322,0.6808712444592322,0.68,0.68,0.670582404506468,0.9202,138.18445658683777,1.111604928970337,2065.64990234375,4.539022,0.5434782608695652,0.5714285714285714,0.7254901960784313,0.8602150537634409,0.7692307692307693,0.6153846153846154
SMP2020,1000,AHSP-OnlyMean,1001,0.6561918391382974,0.6561918391382974,0.6533333333333333,0.6533333333333333,0.6440078084856768,0.9010933333333333,135.8881320953369,1.069833517074585,2066.37548828125,4.539022,0.54,0.5714285714285714,0.7222222222222222,0.8387096774193549,0.7422680412371134,0.5225225225225225
SMP2020,1000,No-AHSP,1001,0.6725161407837671,0.672516140783767,0.67,0.6699999999999999,0.6632309662046245,0.9203066666666665,111.67016673088074,1.1734611988067627,2033.5908203125,1.578374,0.5925925925925926,0.5882352941176471,0.7115384615384616,0.851063829787234,0.75,0.5416666666666666
SMP2020,1000,AHSP-Max+Attn,2024,0.7011946128999259,0.7011946128999259,0.7033333333333334,0.7033333333333333,0.6885356339128896,0.9107066666666666,169.21400666236877,1.2508468627929688,2097.642578125,5.71867,0.5301204819277109,0.6422018348623854,0.7207207207207207,0.8478260869565217,0.8316831683168316,0.6346153846153846
SMP2020,1000,AHSP-Max+Mean,2024,0.7013737923650565,0.7013737923650565,0.7033333333333334,0.7033333333333333,0.6885356339128896,0.9107333333333334,165.40916633605957,1.0882129669189453,2088.40576171875,5.71867,0.5238095238095238,0.6363636363636364,0.7339449541284404,0.8478260869565217,0.8316831683168316,0.6346153846153846
SMP2020,1000,AHSP-Mean+Attn,2024,0.6818605796714077,0.6818605796714078,0.6833333333333333,0.6833333333333332,0.6713789947329691,0.8982133333333334,154.25591588020325,1.1837027072906494,2098.763671875,5.71867,0.6086956521739131,0.5531914893617021,0.7619047619047619,0.8041237113402062,0.8076923076923077,0.5555555555555556
SMP2020,1000,AHSP-OnlyAttn,2024,0.7005546572446432,0.7005546572446432,0.7,0.7000000000000001,0.6918213772434463,0.9036,150.59827780723572,1.0928401947021484,2075.642578125,4.539022,0.5869565217391305,0.5904761904761905,0.7619047619047619,0.8387096774193549,0.803921568627451,0.6213592233009708
SMP2020,1000,AHSP-OnlyMax,2024,0.7133577654682499,0.7133577654682498,0.7133333333333334,0.7133333333333334,0.704387362753423,0.9118133333333334,126.82151532173157,1.0917792320251465,2065.64990234375,4.539022,0.6037735849056604,0.6185567010309279,0.7387387387387387,0.8444444444444444,0.8301886792452831,0.6444444444444445
SMP2020,1000,AHSP-OnlyMean,2024,0.7002691061309939,0.7002691061309939,0.7,0.7000000000000001,0.6918213772434463,0.9037866666666666,148.87338542938232,1.0579724311828613,2065.63134765625,4.539022,0.5869565217391305,0.5904761904761905,0.7619047619047619,0.8387096774193549,0.7961165048543689,0.6274509803921569
SMP2020,1000,No-AHSP,2024,0.7018499335063013,0.7018499335063013,0.7033333333333334,0.7033333333333333,0.6907348736536224,0.9213999999999999,123.16575741767883,0.7967391014099121,2033.5908203125,1.578374,0.5227272727272727,0.6226415094339622,0.7572815533980582,0.8387096774193549,0.8155339805825242,0.6542056074766355
SMP2020,2000,AHSP-Max+Attn,45,0.7195727806007003,0.7195727806007002,0.7166666666666667,0.7166666666666667,0.7135705019362119,0.9294133333333332,124.77785682678223,1.9357097148895264,2074.2705078125,5.71867,0.7032967032967034,0.5961538461538461,0.7346938775510204,0.8351648351648352,0.7524752475247525,0.6956521739130435
SMP2020,2000,AHSP-Max+Mean,45,0.7195727806007003,0.7195727806007002,0.7166666666666667,0.7166666666666667,0.7135705019362119,0.9290933333333333,115.16359853744507,1.764176368713379,2067.8828125,5.71867,0.7032967032967034,0.5961538461538461,0.7346938775510204,0.8351648351648352,0.7524752475247525,0.6956521739130435
SMP2020,2000,AHSP-Mean+Attn,45,0.6864656571183075,0.6864656571183074,0.6866666666666666,0.6866666666666665,0.6764572555357068,0.9069066666666666,139.97849678993225,1.2562460899353027,2076.7705078125,5.71867,0.6666666666666666,0.5607476635514018,0.7102803738317757,0.8260869565217391,0.7766990291262136,0.5783132530120482
SMP2020,2000,AHSP-OnlyAttn,45,0.7143163467693049,0.7143163467693048,0.71,0.71,0.7071296481138626,0.91996,131.5154664516449,1.381666660308838,2054.7705078125,4.539022,0.6382978723404256,0.6349206349206349,0.782608695652174,0.7835051546391752,0.7526881720430108,0.6938775510204082
SMP2020,2000,AHSP-OnlyMax,45,0.6918943485572714,0.6918943485572714,0.69,0.6900000000000001,0.6850476552037048,0.9177200000000001,147.16984677314758,1.410731315612793,2046.5078125,4.539022,0.6526315789473685,0.6071428571428571,0.7307692307692307,0.8181818181818182,0.7339449541284404,0.6086956521739131
SMP2020,2000,AHSP-OnlyMean,45,0.6680691485880744,0.6680691485880743,0.67,0.6699999999999999,0.6560169303045965,0.9025866666666666,161.4477345943451,1.3988637924194336,2049.7578125,4.539022,0.6534653465346535,0.5663716814159292,0.7428571428571429,0.8,0.7207207207207207,0.525
SMP2020,2000,No-AHSP,45,0.6688525893787881,0.668852589378788,0.67,0.67,0.6643969427653432,0.9113066666666668,172.3277885913849,1.0642380714416504,2026.50927734375,1.578374,0.651685393258427,0.56,0.7326732673267327,0.7222222222222222,0.7326732673267327,0.6138613861386139
SMP2020,2000,AHSP-Max+Attn,123,0.7025852728391722,0.702585272839172,0.7,0.7000000000000001,0.6975036015479922,0.91888,114.66055393218994,1.6649689674377441,2070.8955078125,5.71867,0.7216494845360825,0.603448275862069,0.72,0.8163265306122449,0.7157894736842105,0.6382978723404256
SMP2020,2000,AHSP-Max+Mean,123,0.7023400147291453,0.7023400147291452,0.7,0.7000000000000001,0.6975036015479922,0.9188666666666664,102.95447850227356,1.5235660076141357,2064.7578125,5.71867,0.7216494845360825,0.6086956521739131,0.72,0.8163265306122449,0.7157894736842105,0.631578947368421
SMP2020,2000,AHSP-Mean+Attn,123,0.6681855988603352,0.6681855988603354,0.6666666666666666,0.6666666666666666,0.6575632928721712,0.9045333333333333,137.2970449924469,1.2320499420166016,2071.5205078125,5.71867,0.6333333333333333,0.5688073394495413,0.72,0.8043478260869565,0.7216494845360825,0.5609756097560976
SMP2020,2000,AHSP-OnlyAttn,123,0.6794180046333068,0.6794180046333069,0.6766666666666666,0.6766666666666667,0.6698951150754712,0.9132399999999999,127.31142735481262,1.3588643074035645,2054.6923828125,4.539022,0.5977011494252874,0.5873015873015873,0.7307692307692307,0.7741935483870968,0.7628865979381443,0.6236559139784946
SMP2020,2000,AHSP-OnlyMax,123,0.6934455363582592,0.6934455363582591,0.69,0.69,0.6853104781268758,0.9267999999999997,141.41795587539673,1.2912585735321045,2047.7578125,4.539022,0.6990291262135923,0.5309734513274337,0.7307692307692307,0.8163265306122449,0.7391304347826086,0.6444444444444445
SMP2020,2000,AHSP-OnlyMean,123,0.6797147562803613,0.6797147562803613,0.6766666666666666,0.6766666666666667,0.6698951150754712,0.9135333333333334,128.51756238937378,1.3451642990112305,2048.7578125,4.539022,0.5977011494252874,0.5873015873015873,0.7307692307692307,0.782608695652174,0.7628865979381443,0.6170212765957447
SMP2020,2000,No-AHSP,123,0.6732658296520189,0.6732658296520189,0.6766666666666666,0.6766666666666667,0.6594739747507017,0.9154133333333334,109.62204003334045,1.0834002494812012,2025.75927734375,1.578374,0.6545454545454545,0.5227272727272727,0.76,0.8260869565217391,0.688,0.5882352941176471
SMP2020,2000,AHSP-Max+Attn,789,0.7112349515098527,0.7112349515098526,0.7066666666666667,0.7066666666666667,0.7047656629107544,0.9177333333333332,146.50725317001343,1.2134478092193604,2072.7705078125,5.71867,0.6666666666666666,0.6017699115044248,0.7676767676767676,0.8351648351648352,0.723404255319149,0.6727272727272727
SMP2020,2000,AHSP-Max+Mean,789,0.7080677483426494,0.7080677483426494,0.7033333333333334,0.7033333333333333,0.7016401366096456,0.91748,158.92830681800842,1.7100803852081299,2065.7578125,5.71867,0.6666666666666666,0.6017699115044248,0.7676767676767676,0.8222222222222222,0.723404255319149,0.6666666666666666
SMP2020,2000,AHSP-Mean+Attn,789,0.7159549822955745,0.7159549822955745,0.7133333333333334,0.7133333333333334,0.7100260167023686,0.9207066666666668,126.20210123062134,1.0938992500305176,2073.8955078125,5.71867,0.6875,0.6037735849056604,0.7472527472527473,0.851063829787234,0.7522935779816514,0.6538461538461539
SMP2020,2000,AHSP-OnlyAttn,789,0.6990501686616395,0.6990501686616396,0.6933333333333334,0.6933333333333332,0.6874369571117454,0.9128266666666667,168.21903824806213,1.397381067276001,2055.7705078125,4.539022,0.6363636363636364,0.6212121212121212,0.7659574468085106,0.8260869565217391,0.7446808510638298,0.6
SMP2020,2000,AHSP-OnlyMax,789,0.6909022000863199,0.6909022000863199,0.6866666666666666,0.6866666666666666,0.6802089335644459,0.9199333333333333,136.55883073806763,1.258718490600586,2047.7578125,4.539022,0.5952380952380952,0.6017699115044248,0.74,0.8444444444444444,0.7368421052631579,0.6271186440677966
SMP2020,2000,AHSP-OnlyMean,789,0.6735235210447302,0.6735235210447302,0.6766666666666666,0.6766666666666666,0.6625774093827123,0.9094533333333334,169.54648852348328,1.194612979888916,2047.6328125,4.539022,0.6373626373626373,0.6386554621848739,0.7524752475247525,0.7735849056603774,0.7446808510638298,0.4943820224719101
SMP2020,2000,No-AHSP,789,0.6909304012979182,0.690930401297918,0.69,0.6900000000000001,0.6826845000173818,0.92332,125.4436571598053,0.801349401473999,2023.63427734375,1.578374,0.6046511627906976,0.5961538461538461,0.7311827956989247,0.8297872340425532,0.7115384615384616,0.6722689075630253
SMP2020,2000,AHSP-Max+Attn,1001,0.70925857219346,0.7092585721934599,0.7066666666666667,0.7066666666666666,0.7029483516279933,0.9259599999999999,159.7689893245697,1.091376543045044,2072.7705078125,5.71867,0.6236559139784946,0.6371681415929203,0.7252747252747253,0.8260869565217391,0.7766990291262136,0.6666666666666666
SMP2020,2000,AHSP-Max+Mean,1001,0.7253651670123534,0.7253651670123535,0.7233333333333334,0.7233333333333333,0.7183340790321341,0.9274666666666667,179.9001030921936,1.2978684902191162,2065.7578125,5.71867,0.6363636363636364,0.6548672566371682,0.7676767676767676,0.8444444444444444,0.7884615384615384,0.660377358490566
SMP2020,2000,AHSP-Mean+Attn,1001,0.6856867505601457,0.6856867505601458,0.6866666666666666,0.6866666666666666,0.6753539660890695,0.9200133333333333,117.21674609184265,0.9154400825500488,2073.8955078125,5.71867,0.5581395348837209,0.5904761904761905,0.7115384615384616,0.8275862068965517,0.7787610619469026,0.6476190476190476
SMP2020,2000,AHSP-OnlyAttn,1001,0.6839718136956864,0.6839718136956864,0.6833333333333333,0.6833333333333332,0.6755092109761823,0.9219333333333332,129.1475169658661,1.4639267921447754,2055.7705078125,4.539022,0.5684210526315789,0.6274509803921569,0.7115384615384616,0.8275862068965517,0.7747747747747747,0.594059405940594
SMP2020,2000,AHSP-OnlyMax,1001,0.6965830140992084,0.6965830140992084,0.6933333333333334,0.6933333333333334,0.687140674622499,0.9217333333333334,191.8779695034027,1.3889477252960205,2047.7578125,4.539022,0.6379310344827587,0.5981308411214953,0.7307692307692307,0.8314606741573034,0.7835051546391752,0.5977011494252874
SMP2020,2000,AHSP-OnlyMean,1001,0.6844785929812259,0.684478592981226,0.6833333333333333,0.6833333333333332,0.6756264360122438,0.9216666666666665,130.00634694099426,1.5498898029327393,2047.6328125,4.539022,0.5684210526315789,0.6138613861386139,0.7047619047619048,0.8372093023255814,0.7747747747747747,0.6078431372549019
SMP2020,2000,No-AHSP,1001,0.7057866028145137,0.7057866028145138,0.7033333333333334,0.7033333333333333,0.6954465104423291,0.9208799999999999,149.6235547065735,1.0637717247009277,2023.63427734375,1.578374,0.5617977528089888,0.6140350877192983,0.7708333333333334,0.8478260869565217,0.7920792079207921,0.6481481481481481
SMP2020,2000,AHSP-Max+Attn,2024,0.7148672257162824,0.7148672257162824,0.7133333333333334,0.7133333333333334,0.705424758652783,0.9197333333333334,136.9209907054901,1.098177433013916,2072.7705078125,5.71867,0.6304347826086957,0.6222222222222222,0.7169811320754716,0.8695652173913043,0.8,0.65
SMP2020,2000,AHSP-Max+Mean,2024,0.71183686827416,0.7118368682741602,0.71,0.71,0.7023774012570755,0.9196399999999999,140.24950098991394,1.0716171264648438,2065.7578125,5.71867,0.6304347826086957,0.6153846153846154,0.7169811320754716,0.8695652173913043,0.8,0.6386554621848739
SMP2020,2000,AHSP-Mean+Attn,2024,0.6773712259297396,0.6773712259297395,0.6766666666666666,0.6766666666666667,0.6709985878751599,0.9049333333333333,139.59167313575745,1.1114706993103027,2073.8955078125,5.71867,0.5684210526315789,0.5882352941176471,0.7169811320754716,0.8041237113402062,0.7578947368421053,0.6285714285714286
SMP2020,2000,AHSP-OnlyAttn,2024,0.7037178395805418,0.7037178395805418,0.7,0.7000000000000001,0.6965728792280026,0.9078400000000001,163.39948725700378,1.4652903079986572,2055.7705078125,4.539022,0.58,0.6274509803921569,0.7102803738317757,0.8444444444444444,0.7872340425531915,0.6728971962616822
SMP2020,2000,AHSP-OnlyMax,2024,0.706959470137556,0.706959470137556,0.7033333333333334,0.7033333333333333,0.6996801015300005,0.9152266666666665,184.55937838554382,1.3129703998565674,2047.7578125,4.539022,0.6078431372549019,0.6060606060606061,0.6923076923076923,0.8478260869565217,0.8210526315789474,0.6666666666666666
SMP2020,2000,AHSP-OnlyMean,2024,0.6933965151500487,0.6933965151500486,0.69,0.69,0.6857176303287594,0.9075866666666665,168.5036702156067,1.4536759853363037,2047.6328125,4.539022,0.56,0.6078431372549019,0.7102803738317757,0.8351648351648352,0.7741935483870968,0.6728971962616822
SMP2020,2000,No-AHSP,2024,0.7032310232202515,0.7032310232202515,0.7033333333333334,0.7033333333333335,0.6952239788558326,0.9184666666666667,119.09663939476013,0.7886264324188232,2023.63427734375,1.578374,0.6534653465346535,0.6024096385542169,0.7090909090909091,0.8297872340425532,0.7755102040816326,0.6491228070175439
