Dataset,N,Method,Seed,Macro-F1,Weighted-F1,Accuracy,Balanced_Acc,G-Mean,AUC,Train_Time_Sec,Inference_Time_Sec,Peak_Memory_MB,Params_M,F1_Class_0,F1_Class_1,F1_Class_2
TweetEval,1000,AHSP-Max+Attn,45,0.7387700019278967,0.7387700019278965,0.74,0.7399999999999999,0.7304644570415056,0.884,105.64413380622864,0.7095344066619873,1939.93505859375,5.714056,0.7368421052631579,0.6373626373626373,0.8421052631578947
TweetEval,1000,AHSP-Max+Mean,45,0.726700680272109,0.7267006802721089,0.7266666666666667,0.7266666666666666,0.7188871697874112,0.8906666666666666,86.77731037139893,0.45485997200012207,1928.744140625,5.714056,0.7678571428571429,0.6122448979591837,0.8
TweetEval,1000,AHSP-Mean+Attn,45,0.7349190074753985,0.7349190074753985,0.74,0.7399999999999999,0.7248286555049352,0.8990666666666667,100.77564740180969,0.7607731819152832,1939.65380859375,5.714056,0.7543859649122807,0.6136363636363636,0.8367346938775511
TweetEval,1000,AHSP-OnlyAttn,45,0.734818050386047,0.734818050386047,0.74,0.7399999999999999,0.7237306365460304,0.8870000000000001,79.81011939048767,0.3911879062652588,1920.6005859375,4.534408,0.7627118644067796,0.6206896551724138,0.8210526315789474
TweetEval,1000,AHSP-OnlyMax,45,0.6960784313725491,0.696078431372549,0.6933333333333334,0.6933333333333334,0.6893629911736882,0.8774000000000001,102.79330444335938,0.487835168838501,1916.900390625,4.534408,0.7222222222222222,0.5882352941176471,0.7777777777777778
TweetEval,1000,AHSP-OnlyMean,45,0.740233328088934,0.740233328088934,0.74,0.7399999999999999,0.7323785554272193,0.8901333333333333,86.54673290252686,0.4470963478088379,1916.900390625,4.534408,0.7521367521367521,0.6595744680851063,0.8089887640449438
TweetEval,1000,No-AHSP,45,0.6943893365329251,0.6943893365329251,0.6866666666666666,0.6866666666666666,0.6847191915594482,0.8779333333333333,95.2196056842804,0.4636213779449463,1884.77197265625,1.576067,0.7021276595744681,0.628099173553719,0.7529411764705882
TweetEval,1000,AHSP-Max+Attn,123,0.7579352382495292,0.7579352382495291,0.76,0.7600000000000001,0.7534243413863349,0.8788666666666667,114.15161561965942,0.6700387001037598,2234.91796875,5.714056,0.7964601769911505,0.6947368421052632,0.782608695652174
TweetEval,1000,AHSP-Max+Mean,123,0.7015896085021346,0.7015896085021346,0.7066666666666667,0.7066666666666667,0.6955692935680158,0.8605333333333333,106.00596833229065,0.4684305191040039,2231.7802734375,5.714056,0.7524752475247525,0.6,0.7522935779816514
TweetEval,1000,AHSP-Mean+Attn,123,0.7194625998547567,0.7194625998547567,0.7266666666666667,0.7266666666666666,0.7099001380412358,0.8731999999999999,105.21349477767944,0.6858079433441162,2234.29296875,5.714056,0.7962962962962963,0.5777777777777777,0.7843137254901961
TweetEval,1000,AHSP-OnlyAttn,123,0.7002919175332969,0.7002919175332969,0.7066666666666667,0.7066666666666667,0.692846881000304,0.8724666666666666,89.34479188919067,0.46895813941955566,2222.35546875,4.534408,0.780952380952381,0.5977011494252874,0.7222222222222222
TweetEval,1000,AHSP-OnlyMax,123,0.7349028691689045,0.7349028691689046,0.7466666666666667,0.7466666666666667,0.7217652160277389,0.89,85.90085506439209,0.6902430057525635,2215.2802734375,4.534408,0.8173913043478261,0.5952380952380952,0.7920792079207921
TweetEval,1000,AHSP-OnlyMean,123,0.7148894643996546,0.7148894643996546,0.7266666666666667,0.7266666666666666,0.7022836979656107,0.8797999999999999,83.58079314231873,0.5157747268676758,2218.2802734375,4.534408,0.8,0.5783132530120482,0.7663551401869159
TweetEval,1000,No-AHSP,123,0.7134930673950638,0.7134930673950638,0.72,0.7200000000000001,0.704515032899538,0.8674,72.5670747756958,0.5247519016265869,2187.37060546875,1.576067,0.8245614035087719,0.6262626262626263,0.6896551724137931
TweetEval,1000,AHSP-Max+Attn,789,0.7070673651318812,0.7070673651318813,0.7133333333333334,0.7133333333333333,0.6958667997178797,0.8986666666666666,110.44840383529663,0.7529873847961426,2271.9775390625,5.714056,0.7692307692307693,0.5777777777777777,0.7741935483870968
TweetEval,1000,AHSP-Max+Mean,789,0.7561098077952012,0.7561098077952011,0.76,0.7600000000000001,0.7457358014289261,0.9007333333333333,64.394371509552,0.46499085426330566,2268.85546875,5.714056,0.8,0.6593406593406593,0.8089887640449438
TweetEval,1000,AHSP-Mean+Attn,789,0.7548131620736095,0.7548131620736096,0.7533333333333333,0.7533333333333333,0.7518991867269925,0.9081333333333333,98.68829584121704,0.5360958576202393,2271.9775390625,5.714056,0.7961165048543689,0.6857142857142857,0.782608695652174
TweetEval,1000,AHSP-OnlyAttn,789,0.7298057883049491,0.7298057883049492,0.7333333333333333,0.7333333333333334,0.7193512675081754,0.9148000000000001,65.96229958534241,0.5002052783966064,2259.1650390625,4.534408,0.8034188034188035,0.6185567010309279,0.7674418604651163
TweetEval,1000,AHSP-OnlyMax,789,0.7511658751550935,0.7511658751550935,0.7533333333333333,0.7533333333333333,0.7478778528372159,0.9120666666666667,75.4674801826477,0.46911001205444336,2253.65234375,4.534408,0.8113207547169812,0.6666666666666666,0.7755102040816326
TweetEval,1000,AHSP-OnlyMean,789,0.7573581560283689,0.7573581560283688,0.76,0.7600000000000001,0.7521820896006759,0.9185333333333333,68.03148746490479,0.458240270614624,2253.48046875,4.534408,0.8,0.6595744680851063,0.8125
TweetEval,1000,No-AHSP,789,0.7672060409924488,0.7672060409924487,0.7733333333333333,0.7733333333333333,0.759981532330564,0.9168666666666666,74.01785182952881,0.37484169006347656,2224.53955078125,1.576067,0.8,0.6666666666666666,0.8349514563106796
TweetEval,1000,AHSP-Max+Attn,1001,0.7772973739709456,0.7772973739709456,0.78,0.7799999999999999,0.7727667934070356,0.9206666666666665,89.48224186897278,0.7709672451019287,1990.22265625,5.714056,0.8598130841121495,0.6804123711340206,0.7916666666666666
TweetEval,1000,AHSP-Max+Mean,1001,0.7466366769798621,0.7466366769798621,0.7533333333333333,0.7533333333333333,0.7389173356886983,0.9164666666666667,75.07466053962708,0.36884331703186035,1988.68798828125,5.714056,0.8173913043478261,0.651685393258427,0.7708333333333334
TweetEval,1000,AHSP-Mean+Attn,1001,0.7484165324745035,0.7484165324745036,0.7533333333333333,0.7533333333333333,0.7418798080057804,0.9193999999999999,87.93840003013611,0.6665840148925781,1990.22265625,5.714056,0.8148148148148148,0.6304347826086957,0.8
TweetEval,1000,AHSP-OnlyAttn,1001,0.7942857142857142,0.7942857142857143,0.7933333333333333,0.7933333333333333,0.7926153772582175,0.9295333333333334,83.12752342224121,0.46972012519836426,1976.21630859375,4.534408,0.84,0.7428571428571429,0.8
TweetEval,1000,AHSP-OnlyMax,1001,0.8069774588794911,0.8069774588794911,0.8066666666666666,0.8066666666666666,0.8046397060563263,0.9227333333333333,94.18030023574829,0.45662498474121094,1971.81298828125,4.534408,0.8461538461538461,0.7326732673267327,0.8421052631578947
TweetEval,1000,AHSP-OnlyMean,1001,0.8195598239295719,0.8195598239295718,0.82,0.82,0.8179285411320539,0.9248,85.38244390487671,0.46004343032836914,1971.81298828125,4.534408,0.8823529411764706,0.76,0.8163265306122449
TweetEval,1000,No-AHSP,1001,0.791288358352927,0.7912883583529271,0.7933333333333333,0.7933333333333333,0.7881589345045219,0.9258000000000001,87.02380275726318,0.4458441734313965,1942.1064453125,1.576067,0.8333333333333334,0.7157894736842105,0.8247422680412371
TweetEval,1000,AHSP-Max+Attn,2024,0.7429258850311481,0.7429258850311481,0.7466666666666667,0.7466666666666667,0.7345299105829546,0.8978666666666667,37.99484395980835,0.3890399932861328,2064.56787109375,5.714056,0.8034188034188035,0.6526315789473685,0.7727272727272727
TweetEval,1000,AHSP-Max+Mean,2024,0.7015074763503204,0.7015074763503204,0.7,0.7000000000000001,0.6961970640293134,0.8846000000000002,101.85020685195923,0.36878466606140137,2058.64501953125,5.714056,0.76,0.6548672566371682,0.6896551724137931
TweetEval,1000,AHSP-Mean+Attn,2024,0.7351657329598505,0.7351657329598505,0.74,0.7400000000000001,0.7249047833733588,0.9037999999999999,29.537118911743164,0.38748764991760254,2064.56787109375,5.714056,0.8067226890756303,0.6458333333333334,0.7529411764705882
TweetEval,1000,AHSP-OnlyAttn,2024,0.6885964912280702,0.6885964912280701,0.6866666666666666,0.6866666666666666,0.6837623058366078,0.8816666666666667,85.90051364898682,0.4491100311279297,2049.47021484375,4.534408,0.75,0.6491228070175439,0.6666666666666666
TweetEval,1000,AHSP-OnlyMax,2024,0.6974362604799805,0.6974362604799805,0.7,0.7000000000000001,0.6914497279361038,0.8892000000000001,101.23137211799622,0.45366930961608887,2042.95751953125,4.534408,0.7818181818181819,0.6138613861386139,0.6966292134831461
TweetEval,1000,AHSP-OnlyMean,2024,0.6922343157637275,0.6922343157637275,0.6933333333333334,0.6933333333333334,0.6858095105850717,0.888,80.52051949501038,0.4525430202484131,2042.95751953125,4.534408,0.7692307692307693,0.6486486486486487,0.6588235294117647
TweetEval,1000,No-AHSP,2024,0.6872560205370605,0.6872560205370604,0.7,0.6999999999999998,0.6714204659609153,0.8828666666666667,65.53912997245789,0.4422118663787842,2012.8291015625,1.576067,0.8173913043478261,0.5227272727272727,0.7216494845360825
TweetEval,2000,AHSP-Max+Attn,45,0.7096727835432115,0.7096727835432116,0.7133333333333334,0.7133333333333333,0.7004459743100815,0.8778,159.59835481643677,0.5946469306945801,2282.8056640625,5.714056,0.7350427350427351,0.6067415730337079,0.7872340425531915
TweetEval,2000,AHSP-Max+Mean,45,0.7124749506935962,0.7124749506935962,0.72,0.7200000000000001,0.6982268045639496,0.8902666666666667,109.29589366912842,0.7585198879241943,2274.1572265625,5.714056,0.7603305785123967,0.5813953488372093,0.7956989247311828
TweetEval,2000,AHSP-Mean+Attn,45,0.6760264580140357,0.6760264580140356,0.68,0.68,0.6667444353721343,0.8613333333333332,123.25574827194214,0.5604729652404785,2282.8056640625,5.714056,0.7090909090909091,0.5434782608695652,0.7755102040816326
TweetEval,2000,AHSP-OnlyAttn,45,0.727536231884058,0.7275362318840579,0.7333333333333333,0.7333333333333334,0.7174912688582092,0.8961333333333332,91.11058163642883,0.5139429569244385,2267.326171875,4.534408,0.782608695652174,0.6,0.8
TweetEval,2000,AHSP-OnlyMax,45,0.7085317460317461,0.708531746031746,0.7133333333333334,0.7133333333333334,0.6965984635454283,0.9007333333333333,91.79302453994751,0.5672941207885742,2262.7822265625,4.534408,0.7833333333333333,0.6041666666666666,0.7380952380952381
TweetEval,2000,AHSP-OnlyMean,45,0.6868680150356239,0.686868015035624,0.6866666666666666,0.6866666666666666,0.6800461329716477,0.8805333333333333,103.89482879638672,0.6143133640289307,2261.8759765625,4.534408,0.7090909090909091,0.5773195876288659,0.7741935483870968
TweetEval,2000,No-AHSP,45,0.6993593290585771,0.6993593290585772,0.7066666666666667,0.7066666666666667,0.6888013917469608,0.8816,106.62714123725891,0.6184892654418945,2229.49755859375,1.576067,0.7543859649122807,0.5681818181818182,0.7755102040816326
TweetEval,2000,AHSP-Max+Attn,123,0.7138311688311688,0.7138311688311688,0.72,0.7200000000000001,0.7067002871548413,0.8568000000000001,195.10753870010376,0.6125757694244385,2285.568359375,5.714056,0.76,0.6136363636363636,0.7678571428571429
TweetEval,2000,AHSP-Max+Mean,123,0.7227026823310139,0.7227026823310138,0.7266666666666667,0.7266666666666667,0.7120104362397399,0.8934000000000001,75.49636769294739,0.5337271690368652,2277.904296875,5.714056,0.7966101694915254,0.6185567010309279,0.7529411764705882
TweetEval,2000,AHSP-Mean+Attn,123,0.7620875420875421,0.7620875420875421,0.76,0.7600000000000001,0.7555884773556875,0.9037333333333333,60.854058265686035,0.6507112979888916,2285.630859375,5.714056,0.7818181818181819,0.66,0.8444444444444444
TweetEval,2000,AHSP-OnlyAttn,123,0.6759387692607959,0.675938769260796,0.6733333333333333,0.6733333333333333,0.670597224968353,0.8695333333333334,124.39282989501953,0.44162917137145996,2269.1357421875,4.534408,0.7238095238095238,0.5849056603773585,0.7191011235955056
TweetEval,2000,AHSP-OnlyMax,123,0.659453811177949,0.6594538111779491,0.6666666666666666,0.6666666666666666,0.6401952529256533,0.8681333333333333,62.68741226196289,0.5292608737945557,2266.373046875,4.534408,0.7931034482758621,0.5636363636363636,0.6216216216216216
TweetEval,2000,AHSP-OnlyMean,123,0.6754846657589315,0.6754846657589314,0.6733333333333333,0.6733333333333333,0.6728666068168225,0.8473333333333333,222.60799026489258,0.5219943523406982,2265.529296875,4.534408,0.7010309278350515,0.6037735849056604,0.7216494845360825
TweetEval,2000,No-AHSP,123,0.7106251129861558,0.7106251129861557,0.7333333333333333,0.7333333333333333,0.6858095105850717,0.8795333333333334,67.6891222000122,0.5237774848937988,2232.80712890625,1.576067,0.8205128205128205,0.5263157894736842,0.7850467289719626
TweetEval,2000,AHSP-Max+Attn,789,0.7122694981990482,0.7122694981990482,0.7133333333333334,0.7133333333333334,0.7041817712448449,0.8912,115.6678957939148,0.4761059284210205,2274.7587890625,5.714056,0.7787610619469026,0.6138613861386139,0.7441860465116279
TweetEval,2000,AHSP-Max+Mean,789,0.7110481089217849,0.7110481089217849,0.7133333333333334,0.7133333333333333,0.7025431304598279,0.91,99.0990514755249,0.5509164333343506,2268.01171875,5.714056,0.7610619469026548,0.5894736842105263,0.782608695652174
TweetEval,2000,AHSP-Mean+Attn,789,0.7050090285593983,0.7050090285593982,0.7,0.7000000000000001,0.6994390063111039,0.8826666666666666,152.45025300979614,0.4641125202178955,2274.59765625,5.714056,0.7184466019417476,0.6238532110091743,0.7727272727272727
TweetEval,2000,AHSP-OnlyAttn,789,0.7377896038273396,0.7377896038273396,0.7333333333333333,0.7333333333333334,0.7329051678736243,0.8926,167.707293510437,0.6516427993774414,2254.9619140625,4.534408,0.7307692307692307,0.660377358490566,0.8222222222222222
TweetEval,2000,AHSP-OnlyMax,789,0.7431578432690779,0.743157843269078,0.7466666666666667,0.7466666666666667,0.7352310810274101,0.8968666666666666,95.2931661605835,0.528364896774292,2252.66796875,4.534408,0.7931034482758621,0.6451612903225806,0.7912087912087912
TweetEval,2000,AHSP-OnlyMean,789,0.7517899923080312,0.7517899923080312,0.7533333333333333,0.7533333333333333,0.7446553365697379,0.9056000000000001,96.6543984413147,0.46971774101257324,2252.66796875,4.534408,0.782608695652174,0.6595744680851063,0.8131868131868132
TweetEval,2000,No-AHSP,789,0.7245660916098425,0.7245660916098425,0.7333333333333333,0.7333333333333334,0.710999056417769,0.9050666666666668,108.91234135627747,0.5959107875823975,2222.61767578125,1.576067,0.7933884297520661,0.5977011494252874,0.782608695652174
TweetEval,2000,AHSP-Max+Attn,1001,0.7610531684236385,0.7610531684236385,0.76,0.7599999999999999,0.7584177608640044,0.912,99.4125325679779,0.39060068130493164,2136.2607421875,5.714056,0.7916666666666666,0.6796116504854369,0.8118811881188119
TweetEval,2000,AHSP-Max+Mean,1001,0.7556995605597295,0.7556995605597294,0.76,0.7600000000000001,0.7486589368286632,0.9086666666666666,90.6396894454956,0.5335915088653564,2120.81494140625,5.714056,0.831858407079646,0.6526315789473685,0.782608695652174
TweetEval,2000,AHSP-Mean+Attn,1001,0.7196869650281243,0.7196869650281242,0.7266666666666667,0.7266666666666666,0.709857803964086,0.904,61.95945858955383,0.39198899269104004,2135.60107421875,5.714056,0.7931034482758621,0.6,0.7659574468085106
TweetEval,2000,AHSP-OnlyAttn,1001,0.7447074785848807,0.7447074785848807,0.74,0.7399999999999999,0.7398197759305247,0.894,121.92386984825134,0.38275146484375,2113.42138671875,4.534408,0.782608695652174,0.672566371681416,0.7789473684210526
TweetEval,2000,AHSP-OnlyMax,1001,0.733331664152463,0.733331664152463,0.7466666666666667,0.7466666666666667,0.7159026531407622,0.9114,101.72587466239929,0.5236678123474121,2109.28369140625,4.534408,0.8032786885245902,0.5925925925925926,0.8041237113402062
TweetEval,2000,AHSP-OnlyMean,1001,0.7008641741866182,0.7008641741866183,0.7,0.6999999999999998,0.6952053289772899,0.8942666666666667,103.26166224479675,0.5392205715179443,2108.43994140625,4.534408,0.7476635514018691,0.594059405940594,0.7608695652173914
TweetEval,2000,No-AHSP,1001,0.7443119469367233,0.7443119469367232,0.7466666666666667,0.7466666666666666,0.7389124516410572,0.9092666666666666,156.3931884765625,0.5281379222869873,2074.9052734375,1.576067,0.7663551401869159,0.6382978723404256,0.8282828282828283
TweetEval,2000,AHSP-Max+Attn,2024,0.6953271065776669,0.6953271065776669,0.7,0.6999999999999998,0.68865522579806,0.8892666666666665,121.5012743473053,0.5725703239440918,2055.0205078125,5.714056,0.7567567567567568,0.5869565217391305,0.7422680412371134
TweetEval,2000,AHSP-Max+Mean,2024,0.6942369201115707,0.6942369201115707,0.7066666666666667,0.7066666666666667,0.6792147799020437,0.9081999999999999,76.46973466873169,0.5407633781433105,2041.48876953125,5.714056,0.7933884297520661,0.5581395348837209,0.7311827956989247
TweetEval,2000,AHSP-Mean+Attn,2024,0.7096731344961121,0.7096731344961121,0.7133333333333334,0.7133333333333334,0.7017642571710879,0.8845333333333333,117.32160830497742,0.641831636428833,2054.86083984375,5.714056,0.7894736842105263,0.6336633663366337,0.7058823529411765
TweetEval,2000,AHSP-OnlyAttn,2024,0.6977377953303753,0.6977377953303754,0.7066666666666667,0.7066666666666667,0.6858095105850717,0.9005333333333333,76.19409990310669,0.5155665874481201,2032.50146484375,4.534408,0.7933884297520661,0.6021505376344086,0.6976744186046512
TweetEval,2000,AHSP-OnlyMax,2024,0.7252456538170824,0.7252456538170823,0.7266666666666667,0.7266666666666666,0.7176466372625586,0.8936666666666667,128.17793083190918,0.5257079601287842,2027.66064453125,4.534408,0.7857142857142857,0.6122448979591837,0.7777777777777778
TweetEval,2000,AHSP-OnlyMean,2024,0.7287738800402334,0.7287738800402334,0.7333333333333333,0.7333333333333334,0.7222971896758402,0.9117333333333333,66.51294207572937,0.5512747764587402,2029.66064453125,4.534408,0.8141592920353983,0.6530612244897959,0.7191011235955056
TweetEval,2000,No-AHSP,2024,0.7202547976132881,0.7202547976132883,0.72,0.7200000000000001,0.7166199596986793,0.8931333333333334,123.17607736587524,0.44753241539001465,1998.3916015625,1.576067,0.7735849056603774,0.6538461538461539,0.7333333333333333
